-- phpMyAdmin SQL Dump
-- version 5.2.0
-- https://www.phpmyadmin.net/
--
-- Host: 127.0.0.1
-- Generation Time: Sep 24, 2023 at 06:55 PM
-- Server version: 10.4.25-MariaDB
-- PHP Version: 7.4.30

SET SQL_MODE = "NO_AUTO_VALUE_ON_ZERO";
START TRANSACTION;
SET time_zone = "+00:00";


/*!40101 SET @OLD_CHARACTER_SET_CLIENT=@@CHARACTER_SET_CLIENT */;
/*!40101 SET @OLD_CHARACTER_SET_RESULTS=@@CHARACTER_SET_RESULTS */;
/*!40101 SET @OLD_COLLATION_CONNECTION=@@COLLATION_CONNECTION */;
/*!40101 SET NAMES utf8mb4 */;

--
-- Database: `db_meetair`
--

-- --------------------------------------------------------

--
-- Table structure for table `ci_sessions`
--

CREATE TABLE `ci_sessions` (
  `id` varchar(40) COLLATE utf8mb4_unicode_520_ci NOT NULL,
  `ip_address` varchar(45) COLLATE utf8mb4_unicode_520_ci NOT NULL,
  `timestamp` int(10) UNSIGNED NOT NULL DEFAULT 0,
  `data` blob NOT NULL
) ENGINE=InnoDB DEFAULT CHARSET=utf8mb4 COLLATE=utf8mb4_unicode_520_ci;

--
-- Dumping data for table `ci_sessions`
--

INSERT INTO `ci_sessions` (`id`, `ip_address`, `timestamp`, `data`) VALUES
('q64o9u899bm6ojo060jartuiisf0nsah', '103.14.145.146', 1691390257, 0x5f5f63695f6c6173745f726567656e65726174657c693a313639313339303133393b6c6f67696e5f7374617475737c733a313a2231223b757365725f69647c733a313a2231223b6e616d657c733a393a2257656262646d656574223b656d61696c7c733a31393a2277656262646d65657440676d61696c2e636f6d223b61646d696e5f69735f6c6f67696e7c733a313a2231223b6c6f67696e5f747970657c733a353a2261646d696e223b6163746976655f6d656e757c733a313a2231223b),
('opmhu51hmbhc71hi864jg1cps0346p0f', '14.29.181.90', 1691390598, 0x5f5f63695f6c6173745f726567656e65726174657c693a313639313339303539383b),
('kf6r1hdjl0eb58nu6bf7mr7ia8eldm6m', '128.199.15.202', 1691394978, 0x5f5f63695f6c6173745f726567656e65726174657c693a313639313339343937383b),
('7vp7ng5shh29o69q61g2lpv5d8pcp6i3', '103.209.197.177', 1691395954, 0x5f5f63695f6c6173745f726567656e65726174657c693a313639313339353935343b),
('e31mi29g637sg4ib554ahoachmggormq', '51.222.253.16', 1691396020, 0x5f5f63695f6c6173745f726567656e65726174657c693a313639313339363032303b),
('53p24itjcv9r5dkg2vb7ppugmet7e6bn', '51.222.253.15', 1691396021, 0x5f5f63695f6c6173745f726567656e65726174657c693a313639313339363032313b),
('mvt4bjjn545e0ieknjql8um4pdcph5lh', '103.209.197.177', 1691396511, 0x5f5f63695f6c6173745f726567656e65726174657c693a313639313339363531313b),
('ps7ifg3ennn8u78t09jd8ia1eit2pjd7', '103.209.197.177', 1691396511, 0x5f5f63695f6c6173745f726567656e65726174657c693a313639313339363531313b),
('6dfmeljkg0n54m81terasvh7s7jkkcib', '103.209.197.177', 1691398352, 0x5f5f63695f6c6173745f726567656e65726174657c693a313639313339383335323b),
('50u1jfv7an27o74e9jaqe9nedjkodp6k', '103.209.197.177', 1691397444, 0x5f5f63695f6c6173745f726567656e65726174657c693a313639313339373434343b),
('dceg2hlqbajk4ic949kvgueakrdt9f8d', '103.209.197.177', 1691397800, 0x5f5f63695f6c6173745f726567656e65726174657c693a313639313339373830303b),
('254ucgpeblobta2r43fcsp0kenr5gscq', '103.209.197.177', 1691397933, 0x5f5f63695f6c6173745f726567656e65726174657c693a313639313339373933333b),
('52n0slnv38qnolfl2kmtu67bb65jlvvu', '103.209.197.177', 1691398004, 0x5f5f63695f6c6173745f726567656e65726174657c693a313639313339383030343b),
('f810bal8v0qq9pvjc2hkrmvfhvuandj6', '103.209.197.177', 1691398021, 0x5f5f63695f6c6173745f726567656e65726174657c693a313639313339383032313b),
('g15psth9gbgloftq158mtvud64b6340p', '103.209.197.177', 1691398033, 0x5f5f63695f6c6173745f726567656e65726174657c693a313639313339383033333b),
('ops8danptdlnkephn7glbs55oi05dted', '103.209.197.177', 1691398074, 0x5f5f63695f6c6173745f726567656e65726174657c693a313639313339383037343b),
('plgb83852dv7fghlr0fl421ptqhmiru3', '103.209.197.177', 1691398097, 0x5f5f63695f6c6173745f726567656e65726174657c693a313639313339383039373b),
('pc9h8he5sfk6ojdtgt05oin2a414suk4', '103.209.197.177', 1691398160, 0x5f5f63695f6c6173745f726567656e65726174657c693a313639313339383136303b),
('s81jvgd9r4djda2las1b06enp2l4ia3u', '103.209.197.177', 1691398194, 0x5f5f63695f6c6173745f726567656e65726174657c693a313639313339383139333b),
('v3ddr3f8akqpbu9t0sfvv7akdgo107t7', '103.209.197.177', 1691398224, 0x5f5f63695f6c6173745f726567656e65726174657c693a313639313339383232343b),
('3ubo7c0b1tmtglnoa31r2b2jp7u4i7sn', '103.209.197.177', 1691398235, 0x5f5f63695f6c6173745f726567656e65726174657c693a313639313339383233353b),
('2g2gfdumqujon4fl3hpv5vkvgtho32cv', '103.209.197.177', 1691398282, 0x5f5f63695f6c6173745f726567656e65726174657c693a313639313339383238323b),
('descdthe7t56rd64mfp0s3ekhvscesc2', '103.209.197.177', 1691398291, 0x5f5f63695f6c6173745f726567656e65726174657c693a313639313339383239313b),
('bjep6qqgsq3i36ijerkaos77g18s5259', '103.209.197.177', 1691398300, 0x5f5f63695f6c6173745f726567656e65726174657c693a313639313339383330303b),
('pplqgf1ccalrsna2go2mlbhl0s9eof89', '103.209.197.177', 1691398674, 0x5f5f63695f6c6173745f726567656e65726174657c693a313639313339383637343b),
('34q34fpjdmlc9d6hugooinn35n167ot8', '103.209.197.177', 1691399137, 0x5f5f63695f6c6173745f726567656e65726174657c693a313639313339393133373b),
('j3vrps2avdo8q3m4jjqbc5aj0b6bb4et', '103.209.197.177', 1691398870, 0x5f5f63695f6c6173745f726567656e65726174657c693a313639313339383837303b),
('rja49v5di52fk826kkjjoek5rebr9m9i', '103.209.197.177', 1691398993, 0x5f5f63695f6c6173745f726567656e65726174657c693a313639313339383939333b),
('hv99i3tps0me4vo39ug6cct37vd7v659', '103.209.197.177', 1691399028, 0x5f5f63695f6c6173745f726567656e65726174657c693a313639313339393032383b),
('7ec5i79kfm34ofj8ik5i4m8njdn8hig1', '103.209.197.177', 1691399066, 0x5f5f63695f6c6173745f726567656e65726174657c693a313639313339393036363b),
('m71ubejed00pfuf16cde0rqb4gbulo6l', '103.209.197.177', 1691400780, 0x5f5f63695f6c6173745f726567656e65726174657c693a313639313430303738303b),
('tkfvp1k3ufsto395k20r8vof9konu208', '103.209.197.177', 1691399189, 0x5f5f63695f6c6173745f726567656e65726174657c693a313639313339393138393b),
('1h9n4jbe9qeimjb5m2hadb879puct6nd', '103.209.197.177', 1691399198, 0x5f5f63695f6c6173745f726567656e65726174657c693a313639313339393139383b),
('25u3ej5feumbpje3riqo56e6gbfd6aii', '103.209.197.177', 1691399324, 0x5f5f63695f6c6173745f726567656e65726174657c693a313639313339393332343b),
('uqbkik1rh3oola6v39dc6habk2m8ui1k', '103.209.197.177', 1691399450, 0x5f5f63695f6c6173745f726567656e65726174657c693a313639313339393435303b),
('ej718c27r4h1gad4tcr4fm5d27uu1baj', '103.209.197.177', 1691399464, 0x5f5f63695f6c6173745f726567656e65726174657c693a313639313339393436343b),
('10n1lu3fc56566eehjbt6grleukmp6in', '103.209.197.177', 1691399531, 0x5f5f63695f6c6173745f726567656e65726174657c693a313639313339393533313b),
('6ktaenkemlcpcv1498hdj8ihus4c9cnl', '103.209.197.177', 1691399610, 0x5f5f63695f6c6173745f726567656e65726174657c693a313639313339393631303b),
('1rh77qn635b30daukpdpcoqsrhd89kmo', '103.209.197.177', 1691399801, 0x5f5f63695f6c6173745f726567656e65726174657c693a313639313339393830313b),
('hc5f9564p7tl09ftgoctseqtmj4cbuj8', '103.209.197.177', 1691399991, 0x5f5f63695f6c6173745f726567656e65726174657c693a313639313339393939313b),
('frl0unr2gatubhbakspq3u651vuir0td', '103.209.197.177', 1691400233, 0x5f5f63695f6c6173745f726567656e65726174657c693a313639313430303233333b),
('m4hjvoarkvk8240o7q10js5c191upp3o', '103.209.197.177', 1691400244, 0x5f5f63695f6c6173745f726567656e65726174657c693a313639313430303234343b),
('pchvfiob37om6r2f1tbr9ik3qnrfb7vb', '103.209.197.177', 1691400361, 0x5f5f63695f6c6173745f726567656e65726174657c693a313639313430303336313b),
('4t3rn43ntk26dn8me8hqme0cefm47n9k', '103.209.197.177', 1691400391, 0x5f5f63695f6c6173745f726567656e65726174657c693a313639313430303339313b),
('n5jm6gjm7ij3cm90qnden7jrf2dpek9d', '103.209.197.177', 1691401274, 0x5f5f63695f6c6173745f726567656e65726174657c693a313639313430313237343b7461726e646174617c613a353a7b733a373a227472616e5f6964223b733a31373a2253534c4336346430626134633133356334223b733a373a22757365725f6964223b733a313a2234223b733a31303a227061636b6167655f6964223b733a313a2231223b733a363a22616d6f756e74223b733a373a22313230302e3030223b733a383a2263757272656e6379223b733a333a22424454223b7d),
('1jp9q9lgohf8r4t7vn4fmlkdrjej8d60', '103.209.197.177', 1691400925, 0x5f5f63695f6c6173745f726567656e65726174657c693a313639313430303932353b),
('3r62vkj75emgf2lej00srk2tbbv717cq', '103.209.197.177', 1691401002, 0x5f5f63695f6c6173745f726567656e65726174657c693a313639313430313030323b),
('t7gh71hvrig35k9q5l6sf9215tquhd1l', '103.209.197.177', 1691401042, 0x5f5f63695f6c6173745f726567656e65726174657c693a313639313430313034323b),
('3vc16to3n3pumlphveb2rkjq4qfohd4a', '103.209.197.177', 1691401172, 0x5f5f63695f6c6173745f726567656e65726174657c693a313639313430313137323b),
('5bp46h7igmt75botnu1a5jaefb8nnopf', '103.209.197.177', 1691401298, 0x5f5f63695f6c6173745f726567656e65726174657c693a313639313430313237343b7461726e646174617c613a353a7b733a373a227472616e5f6964223b733a31373a2253534c4336346430626335303764373864223b733a373a22757365725f6964223b733a313a2234223b733a31303a227061636b6167655f6964223b733a313a2231223b733a363a22616d6f756e74223b733a373a22313230302e3030223b733a383a2263757272656e6379223b733a333a22424454223b7d),
('hjnmbe85mapfuedsn2u2ugbttpvnua0k', '103.209.197.177', 1691401471, 0x5f5f63695f6c6173745f726567656e65726174657c693a313639313430313437313b),
('gakac1ik4clin9keme3p3ukbhnhaluso', '103.209.197.177', 1691401479, 0x5f5f63695f6c6173745f726567656e65726174657c693a313639313430313437393b),
('n5ngetlrb1pqb991b8vru955i0s787g6', '103.209.197.177', 1691401596, 0x5f5f63695f6c6173745f726567656e65726174657c693a313639313430313539363b),
('276ufr1fnje27730j7onu0huflu2ri2r', '103.209.197.177', 1691401605, 0x5f5f63695f6c6173745f726567656e65726174657c693a313639313430313630353b),
('9512ijnj0avihcnv9v6raqkkrjl9hr2a', '103.209.197.177', 1691401633, 0x5f5f63695f6c6173745f726567656e65726174657c693a313639313430313633333b),
('ajni1oc0jgm0ahc6l37n4e1mh3p2dhl9', '103.209.197.177', 1691401642, 0x5f5f63695f6c6173745f726567656e65726174657c693a313639313430313634323b),
('e1kln6rshirmkn2ren7vbv20q9j05mbv', '103.209.197.177', 1691401661, 0x5f5f63695f6c6173745f726567656e65726174657c693a313639313430313636313b),
('r6hut3jq57k3nqp5ua88qdrssu0su8du', '103.209.197.177', 1691401775, 0x5f5f63695f6c6173745f726567656e65726174657c693a313639313430313737353b),
('mk59nmkpt8ml62uoo1mrrb2cr6vcbhiq', '103.209.197.177', 1691401781, 0x5f5f63695f6c6173745f726567656e65726174657c693a313639313430313738313b),
('onipshjpgff5dvus3v3u5ng624vainkq', '103.209.197.177', 1691401822, 0x5f5f63695f6c6173745f726567656e65726174657c693a313639313430313832323b),
('v9kqjld29b0b7hvmujr4nnqsnsqprnml', '103.209.197.177', 1691401847, 0x5f5f63695f6c6173745f726567656e65726174657c693a313639313430313834373b),
('chrs2p6d6mlnpir0j2flif38sbomhf9o', '103.209.197.177', 1691402200, 0x5f5f63695f6c6173745f726567656e65726174657c693a313639313430323230303b),
('a8lds7rmpk9e3590fdddtfi4k8gjdom0', '103.209.197.177', 1691402283, 0x5f5f63695f6c6173745f726567656e65726174657c693a313639313430323238333b),
('l6gb98ankbsg0l5fkat7b2g01v8jdt9r', '103.209.197.177', 1691402476, 0x5f5f63695f6c6173745f726567656e65726174657c693a313639313430323437363b),
('i21ra8ppcoptfkn6qsd2iu3s1olr4muo', '103.209.197.177', 1691402544, 0x5f5f63695f6c6173745f726567656e65726174657c693a313639313430323534343b),
('aumrs8vnh06u1jb118ro0448m859c4t1', '103.209.197.177', 1691402729, 0x5f5f63695f6c6173745f726567656e65726174657c693a313639313430323732393b),
('66e93an1kf37i1bav5vcvu9832kt8pte', '103.209.197.177', 1691402807, 0x5f5f63695f6c6173745f726567656e65726174657c693a313639313430323830373b),
('pivr64o3riv5n3f11sp8q2c332esctvf', '103.209.197.177', 1691402835, 0x5f5f63695f6c6173745f726567656e65726174657c693a313639313430323833353b),
('dd8gs7hcikvres2j2u583vksa7pboqfu', '103.209.197.177', 1691402859, 0x5f5f63695f6c6173745f726567656e65726174657c693a313639313430323835393b),
('au0ribmstv9sc3ildcu4krmup967kjrd', '103.209.197.177', 1691402866, 0x5f5f63695f6c6173745f726567656e65726174657c693a313639313430323836363b),
('mnr5pehph5eovcomn7bvvl1rll5e9sjm', '54.36.148.207', 1691403129, 0x5f5f63695f6c6173745f726567656e65726174657c693a313639313430333132393b),
('93odg8v6blspmo1mq57n29032l58v9vq', '103.209.197.177', 1691403452, 0x5f5f63695f6c6173745f726567656e65726174657c693a313639313430333435323b),
('mpejd1q05kgr1v1t43smqngfrgrkm32k', '103.209.197.177', 1691403468, 0x5f5f63695f6c6173745f726567656e65726174657c693a313639313430333436383b),
('o6mhg9bfb4b04mhfafnruea6054u4qnf', '103.209.197.177', 1691404168, 0x5f5f63695f6c6173745f726567656e65726174657c693a313639313430343136383b),
('u7denmh7ug1ono2nk1d3pte4srm453cv', '103.209.197.177', 1691404180, 0x5f5f63695f6c6173745f726567656e65726174657c693a313639313430343138303b),
('j8459bump7a4fpj2596msvaman8gvmjj', '103.209.197.177', 1691404194, 0x5f5f63695f6c6173745f726567656e65726174657c693a313639313430343139343b),
('a9rrca4vea4gu0v4gjeeic15ispsqf7d', '103.209.197.177', 1691404232, 0x5f5f63695f6c6173745f726567656e65726174657c693a313639313430343233323b),
('e4r095rmriasaaiqcu5aa7vrtaeldj9g', '103.209.197.177', 1691404305, 0x5f5f63695f6c6173745f726567656e65726174657c693a313639313430343330353b),
('nsvhh703a739ef6ldkmtvk8pl6oc6mte', '103.209.197.177', 1691404368, 0x5f5f63695f6c6173745f726567656e65726174657c693a313639313430343336383b),
('saa1bjalkbraho526klk2dm46k1d6q8e', '103.209.197.177', 1691404386, 0x5f5f63695f6c6173745f726567656e65726174657c693a313639313430343338363b),
('nn32gn6841op3jqsi47oo5jl02pguhvj', '103.209.197.177', 1691404515, 0x5f5f63695f6c6173745f726567656e65726174657c693a313639313430343531353b),
('kpf2l2jmu7q6f9cnftpm81414mrgbf07', '103.209.197.177', 1691404533, 0x5f5f63695f6c6173745f726567656e65726174657c693a313639313430343533333b),
('vp6ljje71qgt6t1t2pk2s536jhpp64m7', '103.209.197.177', 1691404568, 0x5f5f63695f6c6173745f726567656e65726174657c693a313639313430343536383b),
('oc44he96750ehkhodcc85eo45mfv1uub', '103.209.197.177', 1691404606, 0x5f5f63695f6c6173745f726567656e65726174657c693a313639313430343630363b),
('lm50grmtu6vcojpdfhqvbblvoimjm1sr', '103.209.197.177', 1691404619, 0x5f5f63695f6c6173745f726567656e65726174657c693a313639313430343631393b),
('heb4jn56a0nip9ih3fs64mkjuvej7c9l', '103.209.197.177', 1691404698, 0x5f5f63695f6c6173745f726567656e65726174657c693a313639313430343639383b),
('vb269m31n4e8ieue7iat8k161vl0ogj7', '114.107.225.150', 1691411266, 0x5f5f63695f6c6173745f726567656e65726174657c693a313639313431313236363b),
('83dirh2tp35gugmhgpg4e8oldac0034a', '85.208.96.209', 1691412225, 0x5f5f63695f6c6173745f726567656e65726174657c693a313639313431323232353b),
('1l9d8nufgrq1ocl814f2mrgd71rf48qe', '185.191.171.19', 1691412225, 0x5f5f63695f6c6173745f726567656e65726174657c693a313639313431323232353b6572726f727c733a32393a22456d61696c206e6f7420666f756e64206f6e206f75722073797374656d223b5f5f63695f766172737c613a313a7b733a353a226572726f72223b733a333a226e6577223b7d),
('belc8m74i17o42n4gqq2dhi016ou3kkg', '182.43.148.98', 1691412618, 0x5f5f63695f6c6173745f726567656e65726174657c693a313639313431323631383b),
('q7h7oke3agsr099mobd9ffl07cupf9q7', '103.66.229.4', 1691422153, 0x5f5f63695f6c6173745f726567656e65726174657c693a313639313432323135333b),
('s4mh4jhqrd5f4js4n86dgl9hf374o2dt', '103.66.229.4', 1691422216, 0x5f5f63695f6c6173745f726567656e65726174657c693a313639313432323231363b),
('fa4h8vdmve3vbd5tr6i3e90mkp3pjfun', '103.66.229.4', 1691422217, 0x5f5f63695f6c6173745f726567656e65726174657c693a313639313432323231373b),
('b6m1gkkl8qhnoiqri14feg12oaokucai', '103.66.229.4', 1691422222, 0x5f5f63695f6c6173745f726567656e65726174657c693a313639313432323232323b),
('ffl5v8trm8drhje940s19eveklctg0j2', '103.66.229.4', 1691422233, 0x5f5f63695f6c6173745f726567656e65726174657c693a313639313432323233333b),
('1rpttplrsmfcri0qs7hhj391ahilb5ad', '103.66.229.4', 1691422284, 0x5f5f63695f6c6173745f726567656e65726174657c693a313639313432323238343b),
('f97f583cgu7j5sbrct1u8hpu072latho', '103.66.229.4', 1691422306, 0x5f5f63695f6c6173745f726567656e65726174657c693a313639313432323330363b),
('laprqpelv3s8o30pi2gsnijjmt1sr689', '103.66.229.4', 1691422488, 0x5f5f63695f6c6173745f726567656e65726174657c693a313639313432323438383b),
('54rdirhpd1o1umhudeehe347uvavpg2q', '103.66.229.4', 1691422568, 0x5f5f63695f6c6173745f726567656e65726174657c693a313639313432323536383b),
('6enf0hvd4hij3hg1sa0hv5n8sg8ioi8l', '103.66.229.4', 1691422700, 0x5f5f63695f6c6173745f726567656e65726174657c693a313639313432323730303b),
('fck4o0q8ve5phj3tbujnehgtod003mvd', '103.66.229.4', 1691422756, 0x5f5f63695f6c6173745f726567656e65726174657c693a313639313432323735363b),
('m7cbsgal3g1lvkdkltfonopka8s0fiki', '103.66.229.4', 1691423552, 0x5f5f63695f6c6173745f726567656e65726174657c693a313639313432333535323b),
('krem8pum6qnl3uqdikhu3higgfk1u3lr', '103.209.197.177', 1691424856, 0x5f5f63695f6c6173745f726567656e65726174657c693a313639313432343835363b7461726e646174617c613a353a7b733a373a227472616e5f6964223b733a31373a2253534c4336346431313066633631323866223b733a373a22757365725f6964223b733a313a2234223b733a31303a227061636b6167655f6964223b733a313a2231223b733a363a22616d6f756e74223b733a343a2231333030223b733a383a2263757272656e6379223b733a333a22424454223b7d),
('okopvp1qearn483ch73kgrg50sq6c4fn', '103.66.229.4', 1691428079, 0x5f5f63695f6c6173745f726567656e65726174657c693a313639313432383037393b7461726e646174617c613a353a7b733a373a227472616e5f6964223b733a31373a2253534c4336346431313339323538386638223b733a373a22757365725f6964223b733a313a2234223b733a31303a227061636b6167655f6964223b733a313a2231223b733a363a22616d6f756e74223b733a373a22313230302e3030223b733a383a2263757272656e6379223b733a333a22424454223b7d),
('4q9v8mn3gidsnuqf5u8t3jcmk0t1gubi', '103.26.139.87', 1691423684, 0x5f5f63695f6c6173745f726567656e65726174657c693a313639313432333638343b),
('4o9u5d82927cb4nugo03tv2c68p43mdv', '103.66.229.4', 1691423704, 0x5f5f63695f6c6173745f726567656e65726174657c693a313639313432333730343b),
('7agimk8juuafol27mih00nes5qts5l99', '103.66.229.4', 1691424713, 0x5f5f63695f6c6173745f726567656e65726174657c693a313639313432343731333b),
('rk0dk74066rfhktvek0pin8u1v91p4dh', '103.66.229.4', 1691424845, 0x5f5f63695f6c6173745f726567656e65726174657c693a313639313432343834323b7461726e646174617c613a353a7b733a373a227472616e5f6964223b733a31373a2253534c4336346431313834623036326462223b733a373a22757365725f6964223b733a313a2236223b733a31303a227061636b6167655f6964223b733a313a2231223b733a363a22616d6f756e74223b733a353a223230302e30223b733a383a2263757272656e6379223b733a333a22424454223b7d),
('tg8kpiq8lv0uf0spph5ig5n4gdv1bhcl', '103.209.197.177', 1691424856, 0x5f5f63695f6c6173745f726567656e65726174657c693a313639313432343835363b7461726e646174617c613a353a7b733a373a227472616e5f6964223b733a31373a2253534c4336346431313066633631323866223b733a373a22757365725f6964223b733a313a2234223b733a31303a227061636b6167655f6964223b733a313a2231223b733a363a22616d6f756e74223b733a343a2231333030223b733a383a2263757272656e6379223b733a333a22424454223b7d),
('kjnotmci72or1vsn0bltbpfj8mq94ipl', '103.66.229.4', 1691424918, 0x5f5f63695f6c6173745f726567656e65726174657c693a313639313432343931363b7461726e646174617c613a353a7b733a373a227472616e5f6964223b733a31373a2253534c4336346431313839343838613662223b733a373a22757365725f6964223b733a313a2236223b733a31303a227061636b6167655f6964223b733a313a2231223b733a363a22616d6f756e74223b733a353a223230302e30223b733a383a2263757272656e6379223b733a333a22424454223b7d),
('l2fqcbls1ifvkeep9a7g3sgbu5dr76ob', '103.66.229.4', 1691424971, 0x5f5f63695f6c6173745f726567656e65726174657c693a313639313432343936383b7461726e646174617c613a353a7b733a373a227472616e5f6964223b733a31373a2253534c4336346431313863386161363038223b733a373a22757365725f6964223b733a313a2236223b733a31303a227061636b6167655f6964223b733a313a2231223b733a363a22616d6f756e74223b733a353a223230302e30223b733a383a2263757272656e6379223b733a333a22424454223b7d),
('i7hoo5sb2i5ebffm38p5bj6ntjho3v5e', '103.66.229.4', 1691425155, 0x5f5f63695f6c6173745f726567656e65726174657c693a313639313432353135333b7461726e646174617c613a353a7b733a373a227472616e5f6964223b733a31373a2253534c4336346431313938313138346238223b733a373a22757365725f6964223b733a313a2236223b733a31303a227061636b6167655f6964223b733a313a2231223b733a363a22616d6f756e74223b733a353a223230302e30223b733a383a2263757272656e6379223b733a333a22424454223b7d),
('flr3ult5m8eo93a1b0cd2emv48jnfa98', '103.66.229.4', 1691425189, 0x5f5f63695f6c6173745f726567656e65726174657c693a313639313432353138373b7461726e646174617c613a353a7b733a373a227472616e5f6964223b733a31373a2253534c4336346431313961333135643130223b733a373a22757365725f6964223b733a313a2236223b733a31303a227061636b6167655f6964223b733a313a2231223b733a363a22616d6f756e74223b733a353a223230302e30223b733a383a2263757272656e6379223b733a333a22424454223b7d),
('q3qtt6kn9qj2dt0akfdqko8tluhia0hc', '103.66.229.4', 1691425201, 0x5f5f63695f6c6173745f726567656e65726174657c693a313639313432353139383b7461726e646174617c613a353a7b733a373a227472616e5f6964223b733a31373a2253534c4336346431313961653964383130223b733a373a22757365725f6964223b733a313a2236223b733a31303a227061636b6167655f6964223b733a313a2231223b733a363a22616d6f756e74223b733a353a223230302e30223b733a383a2263757272656e6379223b733a333a22424454223b7d),
('9j2m90rn53tnkua3ptokg1m8t2sgqkhl', '103.66.229.4', 1691426953, 0x5f5f63695f6c6173745f726567656e65726174657c693a313639313432363935313b7461726e646174617c613a353a7b733a373a227472616e5f6964223b733a31373a2253534c4336346431323038373535336663223b733a373a22757365725f6964223b733a313a2236223b733a31303a227061636b6167655f6964223b733a313a2231223b733a363a22616d6f756e74223b733a353a223330302e30223b733a383a2263757272656e6379223b733a333a22424454223b7d),
('psfjfvvmtes9b4krsi19njba5j1imvhv', '103.26.139.87', 1691427083, 0x5f5f63695f6c6173745f726567656e65726174657c693a313639313432373038303b),
('51r0jtvdvbslrmgr15cd3n2hp3bme8lg', '103.66.229.4', 1691427086, 0x5f5f63695f6c6173745f726567656e65726174657c693a313639313432373038363b),
('ssoppgh6eieulluk51lhej3nqb23r53p', '103.66.229.4', 1691427643, 0x5f5f63695f6c6173745f726567656e65726174657c693a313639313432373634313b7461726e646174617c613a353a7b733a373a227472616e5f6964223b733a31373a2253534c4336346431323333393539333539223b733a373a22757365725f6964223b733a313a2236223b733a31303a227061636b6167655f6964223b733a313a2231223b733a363a22616d6f756e74223b733a353a223330302e30223b733a383a2263757272656e6379223b733a333a22424454223b7d),
('f1pbhfdltpfbdubdcqpk8o5m21vneh9g', '103.66.229.4', 1691427716, 0x5f5f63695f6c6173745f726567656e65726174657c693a313639313432373731363b),
('0c2avdlmpstnso6vapnki801nmriv5aa', '103.66.229.4', 1691427722, 0x5f5f63695f6c6173745f726567656e65726174657c693a313639313432373732323b),
('dqqeoldqco1driosacm5lfoskrlrok75', '103.66.229.4', 1691427754, 0x5f5f63695f6c6173745f726567656e65726174657c693a313639313432373735343b),
('u1r6f1ksfiih850ng32o08taeigre786', '103.66.229.4', 1691427769, 0x5f5f63695f6c6173745f726567656e65726174657c693a313639313432373736393b),
('j22h4gjr7i9asvm6c89m2v8fcj96oqm7', '103.66.229.4', 1691427785, 0x5f5f63695f6c6173745f726567656e65726174657c693a313639313432373738333b),
('2s9p3ftrcsdhqffnupjf6nla05fb4fa4', '103.66.229.4', 1691427930, 0x5f5f63695f6c6173745f726567656e65726174657c693a313639313432373932383b),
('1ogo03pemj1nfdebeqe244ueagq5h4kv', '103.66.229.4', 1691428021, 0x5f5f63695f6c6173745f726567656e65726174657c693a313639313432383031393b),
('omb6inuosu7kfop3va03pmh0o45oa9n9', '103.66.229.4', 1691428910, 0x5f5f63695f6c6173745f726567656e65726174657c693a313639313432383931303b7461726e646174617c613a353a7b733a373a227472616e5f6964223b733a31373a2253534c4336346431323465666464313636223b733a373a22757365725f6964223b733a313a2234223b733a31303a227061636b6167655f6964223b733a313a2231223b733a363a22616d6f756e74223b733a373a22313230302e3030223b733a383a2263757272656e6379223b733a333a22424454223b7d),
('b6adl9cpqloob7ubbeuc837er5rhj09h', '103.66.229.4', 1691428095, 0x5f5f63695f6c6173745f726567656e65726174657c693a313639313432383039333b),
('krlh55mpobb1i5otja9fm12rbg10suss', '103.66.229.4', 1691428192, 0x5f5f63695f6c6173745f726567656e65726174657c693a313639313432383139303b),
('9bnt8mm8tdkg2c38p5hpa0e7qi7mif3r', '103.66.229.4', 1691428255, 0x5f5f63695f6c6173745f726567656e65726174657c693a313639313432383235333b),
('scgmlkcuacpmkmmuvhkotttsda0r6jeg', '103.66.229.4', 1691428349, 0x5f5f63695f6c6173745f726567656e65726174657c693a313639313432383334373b),
('lt1vh7vgkirhb0r4vgbgsenlv3sdi3tu', '103.66.229.4', 1691428374, 0x5f5f63695f6c6173745f726567656e65726174657c693a313639313432383337343b),
('g2dq1a634cq157o3cds8fa3ep6apiot5', '103.66.229.4', 1691428389, 0x5f5f63695f6c6173745f726567656e65726174657c693a313639313432383338373b),
('8oq9mnco2b7kqndq26vvin34sdoki6ha', '103.66.229.4', 1691428404, 0x5f5f63695f6c6173745f726567656e65726174657c693a313639313432383430323b),
('bfhuij0e8np7qengaq7chgojepodrn8t', '103.66.229.4', 1691428624, 0x5f5f63695f6c6173745f726567656e65726174657c693a313639313432383632323b),
('a9kjj8jekv2c37dlevrhagj2v8kqqaka', '103.66.229.4', 1691428688, 0x5f5f63695f6c6173745f726567656e65726174657c693a313639313432383638363b),
('noivv5oou56jtdfrbvtoghmnih89upib', '103.66.229.4', 1691428735, 0x5f5f63695f6c6173745f726567656e65726174657c693a313639313432383733353b),
('uae8iko7cpqg5sq9rvpktkccocimthdu', '103.66.229.4', 1691428755, 0x5f5f63695f6c6173745f726567656e65726174657c693a313639313432383735353b),
('nkgh6r65k11r7ap4ah0tm4sift6mucq9', '103.66.229.4', 1691428778, 0x5f5f63695f6c6173745f726567656e65726174657c693a313639313432383737363b),
('6obri868nib01oon5bip5cd0utda0t9l', '103.66.229.4', 1691428812, 0x5f5f63695f6c6173745f726567656e65726174657c693a313639313432383831303b),
('j3rsdt2unaer83b5n3f6vjnmkd7hj5vk', '103.66.229.4', 1691428821, 0x5f5f63695f6c6173745f726567656e65726174657c693a313639313432383831393b),
('h199kf6m2qsh0pckbfav10116g7p0to0', '103.66.229.4', 1691428830, 0x5f5f63695f6c6173745f726567656e65726174657c693a313639313432383832383b),
('igqsnohjip7rmh241b9h30t7v8tke7un', '103.66.229.4', 1691428911, 0x5f5f63695f6c6173745f726567656e65726174657c693a313639313432383931303b7461726e646174617c613a353a7b733a373a227472616e5f6964223b733a31373a2253534c4336346431323465666464313636223b733a373a22757365725f6964223b733a313a2234223b733a31303a227061636b6167655f6964223b733a313a2231223b733a363a22616d6f756e74223b733a373a22313230302e3030223b733a383a2263757272656e6379223b733a333a22424454223b7d),
('kb0n13kgc7l9jk2i94ropnfo8c2e9jrv', '103.66.229.4', 1691428933, 0x5f5f63695f6c6173745f726567656e65726174657c693a313639313432383933333b),
('9eedd0v718ukjnivkrja9mf0rfemlkju', '103.66.229.4', 1691429010, 0x5f5f63695f6c6173745f726567656e65726174657c693a313639313432393030383b),
('t9b2d0o3drmue6d01o9i9akul7a536lj', '185.191.171.6', 1691430165, 0x5f5f63695f6c6173745f726567656e65726174657c693a313639313433303136353b),
('1j345hfs0n4po2a1ju7e22iur13b35ud', '85.208.96.207', 1691430165, 0x5f5f63695f6c6173745f726567656e65726174657c693a313639313433303136353b6572726f727c733a303a22223b5f5f63695f766172737c613a313a7b733a353a226572726f72223b733a333a226e6577223b7d),
('ndskohi0vk1r5cibo43f91hbege4hn3c', '103.66.229.4', 1691430670, 0x5f5f63695f6c6173745f726567656e65726174657c693a313639313433303637303b),
('b57lv4ad9a680of51cll1a2cbpgndvec', '103.66.229.4', 1691430908, 0x5f5f63695f6c6173745f726567656e65726174657c693a313639313433303930383b),
('jtbcmo26h5svj5h6ob70m34hrdnejg5r', '103.66.229.4', 1691430933, 0x5f5f63695f6c6173745f726567656e65726174657c693a313639313433303933333b),
('a5gqdeh3i3f45vve4ntsrfpsej4v8ecf', '103.66.229.4', 1691430969, 0x5f5f63695f6c6173745f726567656e65726174657c693a313639313433303936363b7461726e646174617c613a353a7b733a373a227472616e5f6964223b733a31373a2253534c4336346431333033363933613363223b733a373a22757365725f6964223b733a313a2236223b733a31303a227061636b6167655f6964223b733a313a2231223b733a363a22616d6f756e74223b733a353a223230302e30223b733a383a2263757272656e6379223b733a333a22424454223b7d),
('q188pcrqf1pm799sdkn396s8c37ln7sj', '103.66.229.4', 1691431070, 0x5f5f63695f6c6173745f726567656e65726174657c693a313639313433313036373b7461726e646174617c613a353a7b733a373a227472616e5f6964223b733a31373a2253534c4336346431333039626232303962223b733a373a22757365725f6964223b733a313a2236223b733a31303a227061636b6167655f6964223b733a313a2231223b733a363a22616d6f756e74223b733a353a223330302e30223b733a383a2263757272656e6379223b733a333a22424454223b7d),
('l1bnikgle4juonhrblskhjf36lom3smh', '103.66.229.4', 1691431215, 0x5f5f63695f6c6173745f726567656e65726174657c693a313639313433313231333b7461726e646174617c613a353a7b733a373a227472616e5f6964223b733a31373a2253534c4336346431333132643235653735223b733a373a22757365725f6964223b733a313a2236223b733a31303a227061636b6167655f6964223b733a313a2231223b733a363a22616d6f756e74223b733a353a223330302e30223b733a383a2263757272656e6379223b733a333a22424454223b7d),
('jrta6k35e3te1ft65e1e9h8f0sdvv0sb', '103.66.229.4', 1691431222, 0x5f5f63695f6c6173745f726567656e65726174657c693a313639313433313232323b),
('eqqsuqse1rf5f97o0lj0f4ocmiep43os', '103.66.229.4', 1691431356, 0x5f5f63695f6c6173745f726567656e65726174657c693a313639313433313335353b),
('97p7budh5rvbn64uc0f380g6brvvn9fm', '103.66.229.4', 1691431372, 0x5f5f63695f6c6173745f726567656e65726174657c693a313639313433313337323b),
('694s1821ovh1frvk3i8rj24c3o8b7538', '103.66.229.4', 1691431391, 0x5f5f63695f6c6173745f726567656e65726174657c693a313639313433313338383b7461726e646174617c613a353a7b733a373a227472616e5f6964223b733a31373a2253534c4336346431333164636133623139223b733a373a22757365725f6964223b733a313a2236223b733a31303a227061636b6167655f6964223b733a313a2231223b733a363a22616d6f756e74223b733a353a223430302e30223b733a383a2263757272656e6379223b733a333a22424454223b7d),
('c7hm9k5dlk1qmddbvp1m7dqac1cjos38', '103.66.229.4', 1691431403, 0x5f5f63695f6c6173745f726567656e65726174657c693a313639313433313430333b),
('5q8umhnj1ct4ob4c94g23gamvceccbl9', '103.66.229.4', 1691431492, 0x5f5f63695f6c6173745f726567656e65726174657c693a313639313433313439323b),
('dpocrfj041a0jado58p3a3rcbov7h2u1', '103.66.229.4', 1691431991, 0x5f5f63695f6c6173745f726567656e65726174657c693a313639313433313939313b),
('u1urvo9ngbaob9on06ne8nm3g2fv17ki', '103.66.229.4', 1691432045, 0x5f5f63695f6c6173745f726567656e65726174657c693a313639313433323034353b),
('e1k6hvrapksej6n7r3cgoo3suo58tpv4', '103.66.229.4', 1691432056, 0x5f5f63695f6c6173745f726567656e65726174657c693a313639313433323035363b),
('gfn3hma4d8t288o86eg9hqcrgo9n5agu', '103.66.229.4', 1691432073, 0x5f5f63695f6c6173745f726567656e65726174657c693a313639313433323037313b7461726e646174617c613a353a7b733a373a227472616e5f6964223b733a31373a2253534c4336346431333438373166636435223b733a373a22757365725f6964223b733a313a2236223b733a31303a227061636b6167655f6964223b733a313a2231223b733a363a22616d6f756e74223b733a353a223330302e30223b733a383a2263757272656e6379223b733a333a22424454223b7d),
('802o9kf6r3t35bde8ccukkh43hot1j17', '103.66.229.4', 1691432082, 0x5f5f63695f6c6173745f726567656e65726174657c693a313639313433323038323b),
('vvdbtr6slmgk1ui1vdku3cb4h0v7g12t', '103.66.229.4', 1691432239, 0x5f5f63695f6c6173745f726567656e65726174657c693a313639313433323233393b),
('h3cg5qo0hocbdpakf66pvpal9f1fnefh', '103.66.229.4', 1691432273, 0x5f5f63695f6c6173745f726567656e65726174657c693a313639313433323237333b),
('4miklrlorn7ago8npeqsio2q8ichbpkg', '103.66.229.4', 1691432286, 0x5f5f63695f6c6173745f726567656e65726174657c693a313639313433323238343b7461726e646174617c613a353a7b733a373a227472616e5f6964223b733a31373a2253534c4336346431333535633765646430223b733a373a22757365725f6964223b733a313a2236223b733a31303a227061636b6167655f6964223b733a313a2231223b733a363a22616d6f756e74223b733a353a223430302e30223b733a383a2263757272656e6379223b733a333a22424454223b7d),
('r20fogq2ju0jtk7eljbmrdtaonuqvvr6', '103.26.139.87', 1691432332, 0x5f5f63695f6c6173745f726567656e65726174657c693a313639313433323332393b),
('b8f715iu1tared219l36l4gidoldlpmg', '103.66.229.4', 1691432336, 0x5f5f63695f6c6173745f726567656e65726174657c693a313639313433323333363b),
('beshr9udm9atbvob5utjs80uiuksiebk', '103.66.229.4', 1691432774, 0x5f5f63695f6c6173745f726567656e65726174657c693a313639313433323737313b7461726e646174617c613a353a7b733a373a227472616e5f6964223b733a31373a2253534c4336346431333734336237313332223b733a373a22757365725f6964223b733a313a2236223b733a31303a227061636b6167655f6964223b733a313a2231223b733a363a22616d6f756e74223b733a353a223430302e30223b733a383a2263757272656e6379223b733a333a22424454223b7d),
('rgoq4t6n34j3a8fms0k8ptvvcpth2phk', '103.26.139.87', 1691432803, 0x5f5f63695f6c6173745f726567656e65726174657c693a313639313433323739393b),
('evsrj4r761f5ggdm0pl746mdtvr580ot', '103.66.229.4', 1691432806, 0x5f5f63695f6c6173745f726567656e65726174657c693a313639313433323830363b),
('har7d53vh9fud7kv7tg0ocnorklp79up', '103.66.229.4', 1691432917, 0x5f5f63695f6c6173745f726567656e65726174657c693a313639313433323931353b7461726e646174617c613a353a7b733a373a227472616e5f6964223b733a31373a2253534c4336346431333764333531353662223b733a373a22757365725f6964223b733a313a2236223b733a31303a227061636b6167655f6964223b733a313a2231223b733a363a22616d6f756e74223b733a353a223430302e30223b733a383a2263757272656e6379223b733a333a22424454223b7d),
('ddhojd9965079shdvgfmb51rcli83kad', '103.26.139.87', 1691432950, 0x5f5f63695f6c6173745f726567656e65726174657c693a313639313433323934373b),
('r555a9kt37msjjfctav60dm47dbij8nn', '103.66.229.4', 1691432953, 0x5f5f63695f6c6173745f726567656e65726174657c693a313639313433323935333b),
('9no4e0i66qlvb18lp4lgtvk2hi0uupmh', '103.66.229.4', 1691433096, 0x5f5f63695f6c6173745f726567656e65726174657c693a313639313433333039333b7461726e646174617c613a353a7b733a373a227472616e5f6964223b733a31373a2253534c4336346431333838356139323834223b733a373a22757365725f6964223b733a313a2236223b733a31303a227061636b6167655f6964223b733a313a2231223b733a363a22616d6f756e74223b733a353a223130302e30223b733a383a2263757272656e6379223b733a333a22424454223b7d),
('9pn4737asqk4108t6ururbh7b18r5r7v', '103.66.229.4', 1691433143, 0x5f5f63695f6c6173745f726567656e65726174657c693a313639313433333134313b7461726e646174617c613a353a7b733a373a227472616e5f6964223b733a31373a2253534c4336346431333862353462626263223b733a373a22757365725f6964223b733a313a2236223b733a31303a227061636b6167655f6964223b733a313a2231223b733a363a22616d6f756e74223b733a353a223130302e30223b733a383a2263757272656e6379223b733a333a22424454223b7d),
('e7j7mupnbl5msj7fmro7pe9dra7ech03', '103.26.139.87', 1691433170, 0x5f5f63695f6c6173745f726567656e65726174657c693a313639313433333136373b),
('epqce9kjql0gnp2qurm2q1d1ka755llb', '103.66.229.4', 1691433173, 0x5f5f63695f6c6173745f726567656e65726174657c693a313639313433333137333b),
('c9k6rrlfug36i2i3guao7f4eu0h1mt1u', '103.66.229.4', 1691433176, 0x5f5f63695f6c6173745f726567656e65726174657c693a313639313433333137363b),
('so8p7aq290357p9g2144jruao6qtvkog', '103.66.229.4', 1691433280, 0x5f5f63695f6c6173745f726567656e65726174657c693a313639313433333237383b7461726e646174617c613a353a7b733a373a227472616e5f6964223b733a31373a2253534c4336346431333933653337653036223b733a373a22757365725f6964223b733a313a2236223b733a31303a227061636b6167655f6964223b733a313a2231223b733a363a22616d6f756e74223b733a353a223230302e30223b733a383a2263757272656e6379223b733a333a22424454223b7d),
('k69t7718tq98vbvgn5ob8mdao6065ji4', '103.26.139.87', 1691433318, 0x5f5f63695f6c6173745f726567656e65726174657c693a313639313433333331353b),
('4733eve88s0eqfereev7r8q45cp7vatg', '103.66.229.6', 1691433321, 0x5f5f63695f6c6173745f726567656e65726174657c693a313639313433333332313b),
('s13m7su92bchgvgb3hgmtkgup1bce1n3', '103.66.229.4', 1691433324, 0x5f5f63695f6c6173745f726567656e65726174657c693a313639313433333332343b),
('a8bdikathtu79vujkbh1a6759pelt3o6', '113.125.140.19', 1691433328, 0x5f5f63695f6c6173745f726567656e65726174657c693a313639313433333332383b),
('471b8nim169atq69l90plq9i0s9qgqho', '103.66.229.4', 1691433449, 0x5f5f63695f6c6173745f726567656e65726174657c693a313639313433333434373b7461726e646174617c613a353a7b733a373a227472616e5f6964223b733a31373a2253534c4336346431333965373631393161223b733a373a22757365725f6964223b733a313a2236223b733a31303a227061636b6167655f6964223b733a313a2231223b733a363a22616d6f756e74223b733a353a223330302e30223b733a383a2263757272656e6379223b733a333a22424454223b7d),
('6js2sfuuke5c1im2gnks5ohpb5o032g3', '103.26.139.87', 1691433528, 0x5f5f63695f6c6173745f726567656e65726174657c693a313639313433333532353b),
('fl1coadpb4r6scck93dunqnlmufrrt9i', '103.66.229.4', 1691433532, 0x5f5f63695f6c6173745f726567656e65726174657c693a313639313433333533323b),
('ftgmak36aqfkd21tq8bd3umn9hl9kkhg', '103.66.229.4', 1691433656, 0x5f5f63695f6c6173745f726567656e65726174657c693a313639313433333635363b),
('po4ka2mpbd75dm2379i1mnhmtmd8tbjk', '103.66.229.4', 1691433659, 0x5f5f63695f6c6173745f726567656e65726174657c693a313639313433333635393b),
('ku6tspiudadjengf47rogh1io9nu6nb3', '103.66.229.4', 1691433669, 0x5f5f63695f6c6173745f726567656e65726174657c693a313639313433333636393b),
('itk8dof4e58i7c75emq0k23onuttbfv8', '103.66.229.4', 1691433694, 0x5f5f63695f6c6173745f726567656e65726174657c693a313639313433333639343b),
('5s04hlv9e6e6hs18qdn9ies38rti42tk', '103.66.229.4', 1691433708, 0x5f5f63695f6c6173745f726567656e65726174657c693a313639313433333730383b),
('uehkin9e7ji3s3h6lh6lrd5cndfvppmh', '103.66.229.4', 1691433722, 0x5f5f63695f6c6173745f726567656e65726174657c693a313639313433333731393b7461726e646174617c613a353a7b733a373a227472616e5f6964223b733a31373a2253534c4336346431336166376330653564223b733a373a22757365725f6964223b733a313a2236223b733a31303a227061636b6167655f6964223b733a313a2231223b733a363a22616d6f756e74223b733a353a223230302e30223b733a383a2263757272656e6379223b733a333a22424454223b7d),
('mohvi840in2gv33vggevvdf5ddrju5p2', '103.26.139.87', 1691433748, 0x5f5f63695f6c6173745f726567656e65726174657c693a313639313433333734353b),
('jrf8nbdckfrtnimsled3rnqatk22c2pn', '103.66.229.4', 1691433751, 0x5f5f63695f6c6173745f726567656e65726174657c693a313639313433333735313b),
('jq9pe987sgvd0ncbjrafjbbscon56mta', '103.66.229.4', 1691433753, 0x5f5f63695f6c6173745f726567656e65726174657c693a313639313433333735333b),
('8gjgn51heioo13oeb3vktk45nfmrtlqu', '103.66.229.4', 1691433810, 0x5f5f63695f6c6173745f726567656e65726174657c693a313639313433333830383b7461726e646174617c613a353a7b733a373a227472616e5f6964223b733a31373a2253534c4336346431336235303336313235223b733a373a22757365725f6964223b733a313a2236223b733a31303a227061636b6167655f6964223b733a313a2231223b733a363a22616d6f756e74223b733a353a223530302e30223b733a383a2263757272656e6379223b733a333a22424454223b7d),
('pgcur1n1slvlenejdfog68a2sviderst', '103.26.139.87', 1691433830, 0x5f5f63695f6c6173745f726567656e65726174657c693a313639313433333832373b),
('vnqkbd647jhn28q71j9g8bc3c67u2crs', '103.66.229.4', 1691433833, 0x5f5f63695f6c6173745f726567656e65726174657c693a313639313433333833333b),
('vnis2mgm8g0u2vk47q0ec9n5l3p9blmt', '103.66.229.4', 1691433834, 0x5f5f63695f6c6173745f726567656e65726174657c693a313639313433333833343b),
('132jkhg4k3b6d1utarvgf1ao6r0na2id', '54.202.10.2', 1691433869, 0x5f5f63695f6c6173745f726567656e65726174657c693a313639313433333836393b),
('0o0dkkttl6qh2dgu3o4oufch5aca9ujn', '35.92.187.242', 1691433869, 0x5f5f63695f6c6173745f726567656e65726174657c693a313639313433333836393b),
('7fjbqq9cd2jlgp4cusir2v9i85sss6qf', '18.236.218.58', 1691433911, 0x5f5f63695f6c6173745f726567656e65726174657c693a313639313433333931313b),
('4beh43vi0eoqim6jtuti1gppmhbmad5q', '54.185.43.185', 1691433916, 0x5f5f63695f6c6173745f726567656e65726174657c693a313639313433333931363b),
('b8sinog1govdm5ju1hc2a6r83u4dbehs', '103.66.229.4', 1691433919, 0x5f5f63695f6c6173745f726567656e65726174657c693a313639313433333931373b7461726e646174617c613a353a7b733a373a227472616e5f6964223b733a31373a2253534c4336346431336262643538373439223b733a373a22757365725f6964223b733a313a2236223b733a31303a227061636b6167655f6964223b733a313a2231223b733a363a22616d6f756e74223b733a353a223530302e30223b733a383a2263757272656e6379223b733a333a22424454223b7d),
('qdaljfv40o0n3ql8p7jk9scj74thvsmb', '103.26.139.87', 1691433958, 0x5f5f63695f6c6173745f726567656e65726174657c693a313639313433333935353b),
('gitps72tss3390m823d9bmeprnaqs6n3', '103.66.229.4', 1691433962, 0x5f5f63695f6c6173745f726567656e65726174657c693a313639313433333936323b),
('d4ftcic9674r75n9jhpjdgo7o96gl5ok', '103.66.229.4', 1691433963, 0x5f5f63695f6c6173745f726567656e65726174657c693a313639313433333936333b),
('clivkm5mju8sludt9glk8523auu9d7g4', '14.116.185.229', 1691434181, 0x5f5f63695f6c6173745f726567656e65726174657c693a313639313433343138313b),
('huoom7mshhof2ok3vm6gkpe4s0hcc16g', '103.66.229.4', 1691434374, 0x5f5f63695f6c6173745f726567656e65726174657c693a313639313433343337343b),
('9vds7jv3hf3fjkacigp7792pjhir97c1', '103.66.229.4', 1691434391, 0x5f5f63695f6c6173745f726567656e65726174657c693a313639313433343339313b),
('onqhosv2rla715k8kb48jhv3n8011pg2', '103.66.229.4', 1691434456, 0x5f5f63695f6c6173745f726567656e65726174657c693a313639313433343435333b7461726e646174617c613a353a7b733a373a227472616e5f6964223b733a31373a2253534c4336346431336464356631356238223b733a373a22757365725f6964223b733a313a2236223b733a31303a227061636b6167655f6964223b733a313a2231223b733a363a22616d6f756e74223b733a353a223430302e30223b733a383a2263757272656e6379223b733a333a22424454223b7d),
('4c74p066c8lfbnj0u8cha1ibrf2k5i9j', '103.66.229.4', 1691434507, 0x5f5f63695f6c6173745f726567656e65726174657c693a313639313433343530353b7461726e646174617c613a353a7b733a373a227472616e5f6964223b733a31373a2253534c4336346431336530393630663936223b733a373a22757365725f6964223b733a313a2236223b733a31303a227061636b6167655f6964223b733a313a2231223b733a363a22616d6f756e74223b733a353a223430302e30223b733a383a2263757272656e6379223b733a333a22424454223b7d),
('tcm6dktr3osdr1jq729kdkuj4no0ji5e', '103.26.139.87', 1691434563, 0x5f5f63695f6c6173745f726567656e65726174657c693a313639313433343536303b),
('smu1v44m8ak6k3rjm1kfadg06cim70ck', '103.66.229.4', 1691434566, 0x5f5f63695f6c6173745f726567656e65726174657c693a313639313433343536363b),
('h8mqn8ppe60r8606p1c4t8hsbq2of6bv', '103.66.229.4', 1691434568, 0x5f5f63695f6c6173745f726567656e65726174657c693a313639313433343536383b),
('od858gd62b6foc5it1ekju9tl016nuau', '207.46.13.230', 1691439917, 0x5f5f63695f6c6173745f726567656e65726174657c693a313639313433393931373b),
('vh712dkes2pmgbi1dtpreqitqr8arolh', '52.167.144.27', 1691439926, 0x5f5f63695f6c6173745f726567656e65726174657c693a313639313433393932363b),
('j7tpkdatnfqlfc2fr1hpd4cp2hv8cca2', '40.77.167.122', 1691440342, 0x5f5f63695f6c6173745f726567656e65726174657c693a313639313434303334323b),
('2gkvp1fj095e0dpcsaj6v196emsgjvlk', '52.167.144.27', 1691440437, 0x5f5f63695f6c6173745f726567656e65726174657c693a313639313434303433373b),
('e7cbtgl60f4m480qojguhh0c7ukuhmtp', '135.148.195.15', 1691440485, 0x5f5f63695f6c6173745f726567656e65726174657c693a313639313434303438353b),
('tnqo6tcff4roh60vhv8b1jtk2qkmktet', '207.46.13.211', 1691441296, 0x5f5f63695f6c6173745f726567656e65726174657c693a313639313434313239363b),
('7e7n2q5q63n45q1ih5f5djt0k69k9fnu', '207.46.13.211', 1691442467, 0x5f5f63695f6c6173745f726567656e65726174657c693a313639313434323436373b),
('l35au4p8fu3rskp78eju48fb2mn7584o', '52.167.144.27', 1691442971, 0x5f5f63695f6c6173745f726567656e65726174657c693a313639313434323937313b),
('f8117115doim3d405o49t8ttfvdthlsp', '51.222.253.7', 1691451300, 0x5f5f63695f6c6173745f726567656e65726174657c693a313639313435313239393b),
('5j8495ohcp6d3rc89dbe9f57j278cse9', '14.29.231.172', 1691461998, 0x5f5f63695f6c6173745f726567656e65726174657c693a313639313436313939383b),
('0qrfrctq92u65oouc859u5knj2sq5alo', '52.167.144.27', 1691462182, 0x5f5f63695f6c6173745f726567656e65726174657c693a313639313436323138323b),
('dl59o38774cvcbp1i3j7u8566c6v38nc', '36.40.72.66', 1691463290, 0x5f5f63695f6c6173745f726567656e65726174657c693a313639313436333239303b),
('61d8jbkmln52f1cfr1um5j8or0fanj1l', '5.133.192.94', 1691466104, 0x5f5f63695f6c6173745f726567656e65726174657c693a313639313436363130343b),
('98k53gqvor4nlpgfk5m5tgtdm4bmuucc', '209.126.84.115', 1691468534, 0x5f5f63695f6c6173745f726567656e65726174657c693a313639313436383533343b),
('9d3bpjg65skp06bajis1n53ml0ig2835', '54.36.148.0', 1691470692, 0x5f5f63695f6c6173745f726567656e65726174657c693a313639313437303639323b),
('otvkpovqjq9q4hfb7nnjg4lo4h922lu4', '51.222.253.16', 1691470693, 0x5f5f63695f6c6173745f726567656e65726174657c693a313639313437303639333b),
('8gjc0lg3ac2t158v6lfpol8o0m60f9ul', '66.249.79.136', 1691475827, 0x5f5f63695f6c6173745f726567656e65726174657c693a313639313437353832373b),
('os5a804ekr42h8duivjt4n9dkv6orpg6', '66.249.79.137', 1691475828, 0x5f5f63695f6c6173745f726567656e65726174657c693a313639313437353832383b),
('icggmrm14hrcp2bansnd62bc4dag3e9t', '14.29.206.197', 1691476107, 0x5f5f63695f6c6173745f726567656e65726174657c693a313639313437363130373b),
('3u5qqtvflbiq7kq2c1np64p25gklngl8', '114.107.225.150', 1691476604, 0x5f5f63695f6c6173745f726567656e65726174657c693a313639313437363630343b),
('cki6dq58mkh39ofisv843dc149c6r957', '66.249.79.137', 1691477414, 0x5f5f63695f6c6173745f726567656e65726174657c693a313639313437373431343b),
('iquf3saqre6fo8iugo36ae5rknr5vi2g', '51.222.253.8', 1691478132, 0x5f5f63695f6c6173745f726567656e65726174657c693a313639313437383133323b),
('tksegjl0l0dfmvhako04ie7ln35kidno', '103.209.197.177', 1691482349, 0x5f5f63695f6c6173745f726567656e65726174657c693a313639313438323334393b),
('p7l2k1ne9ujk23rm992brvv1ip285scp', '103.209.197.177', 1691482367, 0x5f5f63695f6c6173745f726567656e65726174657c693a313639313438323336373b),
('h19a622t3fq45v67ms7rp46j0bmu2718', '103.209.197.177', 1691482376, 0x5f5f63695f6c6173745f726567656e65726174657c693a313639313438323337363b),
('rjiuhp8h0mur1da1o7i3u4re2tharllc', '103.209.197.177', 1691482405, 0x5f5f63695f6c6173745f726567656e65726174657c693a313639313438323430353b),
('nojker08ktup7ka8jl182vekbkn3scs6', '103.209.197.177', 1691482413, 0x5f5f63695f6c6173745f726567656e65726174657c693a313639313438323431333b),
('3d5069i8mvrhp8kiajuhm4ohk4e991as', '103.209.197.177', 1691482421, 0x5f5f63695f6c6173745f726567656e65726174657c693a313639313438323432313b),
('v09jiukt3chc46g355knkkrohd1i4b32', '103.209.197.177', 1691482442, 0x5f5f63695f6c6173745f726567656e65726174657c693a313639313438323434323b),
('oc9e8malienkkahb16lqvq8ie30rn24b', '103.209.197.177', 1691482450, 0x5f5f63695f6c6173745f726567656e65726174657c693a313639313438323435303b),
('34g6sqnvkvckdfdgqulauu07t11ef1hs', '103.209.197.177', 1691482457, 0x5f5f63695f6c6173745f726567656e65726174657c693a313639313438323435373b),
('v0827kkjqum36fgrg715i1bht0mk1026', '103.209.197.177', 1691482566, 0x5f5f63695f6c6173745f726567656e65726174657c693a313639313438323536363b),
('9tajsdpsoc03s0tcncam6hd6e2u5tihf', '103.209.197.177', 1691482759, 0x5f5f63695f6c6173745f726567656e65726174657c693a313639313438323735393b),
('8fnar3t2f0i2k55fl9mk0r8v147q2tsg', '103.209.197.177', 1691482805, 0x5f5f63695f6c6173745f726567656e65726174657c693a313639313438323830353b),
('2r51b2l47jgcf6b7p14sf1l1sbodn0fi', '103.209.197.177', 1691482937, 0x5f5f63695f6c6173745f726567656e65726174657c693a313639313438323933353b7461726e646174617c613a353a7b733a373a227472616e5f6964223b733a31373a2253534c4336346431666233373163623438223b733a373a22757365725f6964223b733a313a2236223b733a31303a227061636b6167655f6964223b733a313a2231223b733a363a22616d6f756e74223b733a353a223130302e30223b733a383a2263757272656e6379223b733a333a22424454223b7d),
('e7lmnq377b7bl1jca2dbu1fhagdfveao', '103.209.197.177', 1691483721, 0x5f5f63695f6c6173745f726567656e65726174657c693a313639313438333732313b),
('hf73moe56l3alqm7gvfpdk0m9cm0kl95', '103.209.197.177', 1691483751, 0x5f5f63695f6c6173745f726567656e65726174657c693a313639313438333735313b),
('9k5v731bkip3v4j63ftn3nt1tsm7ubre', '103.209.197.177', 1691484556, 0x5f5f63695f6c6173745f726567656e65726174657c693a313639313438343535333b7461726e646174617c613a353a7b733a373a227472616e5f6964223b733a31373a2253534c4336346432303138393961383138223b733a373a22757365725f6964223b733a313a2236223b733a31303a227061636b6167655f6964223b733a313a2231223b733a363a22616d6f756e74223b733a353a223130302e30223b733a383a2263757272656e6379223b733a333a22424454223b7d),
('hd6gj0kis0bj2ntppnv160h4ehpisrha', '103.209.197.177', 1691484971, 0x5f5f63695f6c6173745f726567656e65726174657c693a313639313438343936393b7461726e646174617c613a353a7b733a373a227472616e5f6964223b733a31373a2253534c4336346432303332393465343237223b733a373a22757365725f6964223b733a313a2236223b733a31303a227061636b6167655f6964223b733a313a2231223b733a363a22616d6f756e74223b733a353a223130302e30223b733a383a2263757272656e6379223b733a333a22424454223b7d),
('7aquqpee9s0huvih6n1l4u5bucigk9u6', '207.46.13.209', 1691492787, 0x5f5f63695f6c6173745f726567656e65726174657c693a313639313439323738373b),
('3vvkco2ql1t9cph8mjmhqun2hlgd8g6u', '205.210.31.70', 1691495108, 0x5f5f63695f6c6173745f726567656e65726174657c693a313639313439353130383b),
('838ds0al46407lqf90ebmc9c3t7ea90n', '14.29.231.137', 1691497963, 0x5f5f63695f6c6173745f726567656e65726174657c693a313639313439373936333b),
('i0rsmshl1itd0avnthf5kjne9tsftvjv', '185.12.148.78', 1691498804, 0x5f5f63695f6c6173745f726567656e65726174657c693a313639313439383830343b),
('c4khfrk6h8omg9lj5tdqvsn0qlvo6rpo', '185.12.251.124', 1691498805, 0x5f5f63695f6c6173745f726567656e65726174657c693a313639313439383830353b),
('misb5l1rh80rl4vq08skg9rsfagr44sm', '5.133.192.188', 1691498806, 0x5f5f63695f6c6173745f726567656e65726174657c693a313639313439383830363b),
('subold3dh0e01o7git1jve3mtl5ugn9c', '5.133.192.197', 1691498807, 0x5f5f63695f6c6173745f726567656e65726174657c693a313639313439383830373b),
('0hltqt2900cjqkdq73idhp3p5beibe5f', '14.29.176.211', 1691499154, 0x5f5f63695f6c6173745f726567656e65726174657c693a313639313439393135343b),
('un5898kkgi760ndn55ve9e99ul45oais', '207.46.13.209', 1691501261, 0x5f5f63695f6c6173745f726567656e65726174657c693a313639313530313236313b),
('v2o1dg2i4q129rjbedkmnael3io6i00u', '40.77.167.131', 1691501673, 0x5f5f63695f6c6173745f726567656e65726174657c693a313639313530313637333b),
('l4ancboq9ja23let94eo9p2jupvrofk6', '52.167.144.219', 1691501791, 0x5f5f63695f6c6173745f726567656e65726174657c693a313639313530313739313b),
('bmbrk8vm8bs8pmi9flgklseno8o4glqt', '207.46.13.211', 1691502636, 0x5f5f63695f6c6173745f726567656e65726174657c693a313639313530323633363b),
('i2kgvob5bm6hcqhojrrsvpvsm3j4j4gd', '207.46.13.211', 1691503808, 0x5f5f63695f6c6173745f726567656e65726174657c693a313639313530333830383b),
('bkb2bmk1gs1afknl1c7cedqd7rsku56g', '207.46.13.209', 1691504306, 0x5f5f63695f6c6173745f726567656e65726174657c693a313639313530343330363b),
('i1e2rj8c6mlgb55sb2fi7up2iqjbng2u', '66.249.79.136', 1691505870, 0x5f5f63695f6c6173745f726567656e65726174657c693a313639313530353837303b),
('lbaknpaa9tje545r5278m3g3im5fl885', '54.88.179.33', 1691509144, 0x5f5f63695f6c6173745f726567656e65726174657c693a313639313530393134343b),
('4m90k425736q1bg28nah4nq23be2lll8', '54.88.179.33', 1691509145, 0x5f5f63695f6c6173745f726567656e65726174657c693a313639313530393134353b),
('csn7odog1u1af28hootkhlgof0uo772o', '35.171.144.152', 1691509145, 0x5f5f63695f6c6173745f726567656e65726174657c693a313639313530393134353b),
('p92103tlgaf2qe52dg9r5ojm4ug6b3fe', '178.128.115.77', 1691519900, 0x5f5f63695f6c6173745f726567656e65726174657c693a313639313531393930303b),
('0lapajudkmlk7docb7jc2nbheps2lq7b', '178.128.115.77', 1691519901, 0x5f5f63695f6c6173745f726567656e65726174657c693a313639313531393930313b),
('vfofjg42cs33daruulnk37sc24huto5o', '178.128.115.77', 1691519902, 0x5f5f63695f6c6173745f726567656e65726174657c693a313639313531393930323b),
('nls3l8jji598om3r4v057mk2dvkme1au', '178.128.115.77', 1691519903, 0x5f5f63695f6c6173745f726567656e65726174657c693a313639313531393930333b),
('cl3cq282sf4fhmovt3mjjc1lltf81trn', '14.116.152.84', 1691520843, 0x5f5f63695f6c6173745f726567656e65726174657c693a313639313532303834333b),
('23tk3b1i7tnd9236os7e524k57m81o3e', '34.217.78.201', 1691522321, 0x5f5f63695f6c6173745f726567656e65726174657c693a313639313532323332313b),
('6p9vbr8u0h2mhs9eeovqn07ofo27lfnq', '54.213.255.70', 1691522329, 0x5f5f63695f6c6173745f726567656e65726174657c693a313639313532323332393b),
('8mdulv2to23gtjg97nag7v9t57c5oak7', '54.212.189.251', 1691522349, 0x5f5f63695f6c6173745f726567656e65726174657c693a313639313532323334393b);
INSERT INTO `ci_sessions` (`id`, `ip_address`, `timestamp`, `data`) VALUES
('9346vephos3eltogn675lgud77qb1emn', '54.189.31.143', 1691522356, 0x5f5f63695f6c6173745f726567656e65726174657c693a313639313532323335363b),
('m3kf1an2i6afnp7lqgo794drnb7hr960', '103.115.27.171', 1691527572, 0x5f5f63695f6c6173745f726567656e65726174657c693a313639313532373537323b),
('800f6afrjjklqvf89p72q10sncvi8dbs', '103.115.27.171', 1691527577, 0x5f5f63695f6c6173745f726567656e65726174657c693a313639313532373537323b),
('16kuqab2j44kt6bhlu6rmcfngkk4dg2f', '42.83.147.56', 1691545720, 0x5f5f63695f6c6173745f726567656e65726174657c693a313639313534353732303b),
('9jc925k44ule57gpmbspj9f0eln2penq', '51.222.253.13', 1691548423, 0x5f5f63695f6c6173745f726567656e65726174657c693a313639313534383432323b),
('e3fppm272bjkmlnp1hokm9iaopa2o3qv', '51.222.253.10', 1691548424, 0x5f5f63695f6c6173745f726567656e65726174657c693a313639313534383432343b),
('872453iln9hb6rppl09je2ciq5fq3ien', '223.240.101.111', 1691548776, 0x5f5f63695f6c6173745f726567656e65726174657c693a313639313534383737353b),
('73or298mup5hfs4i3kvusvqd1l1vrs85', '223.240.101.111', 1691550249, 0x5f5f63695f6c6173745f726567656e65726174657c693a313639313535303234393b),
('3p66852u2rp4ebap751a750c2mv51o51', '52.167.144.55', 1691550738, 0x5f5f63695f6c6173745f726567656e65726174657c693a313639313535303733383b),
('l878vae3smh0avcg0a0r1gi7h464hrhd', '107.172.245.27', 1691561192, 0x5f5f63695f6c6173745f726567656e65726174657c693a313639313536313139323b),
('ekuhj6ttod02c1rd0pvf8lml5f82rrsi', '140.246.136.252', 1691562005, 0x5f5f63695f6c6173745f726567656e65726174657c693a313639313536323030353b),
('quq8ao1e86afl26ess0vb7ov1dri883k', '113.125.51.198', 1691563141, 0x5f5f63695f6c6173745f726567656e65726174657c693a313639313536333134313b),
('7qrolevlrtm8m6itnms33bgbn6r496kk', '157.230.54.3', 1691568978, 0x5f5f63695f6c6173745f726567656e65726174657c693a313639313536383937383b),
('80l40vr73coavavc94glcv3kstjoul42', '103.152.237.82', 1691571421, 0x5f5f63695f6c6173745f726567656e65726174657c693a313639313537313432313b),
('qqpq7dadsaq6ohthqq7knslgvjuc3q96', '103.152.237.82', 1691571425, 0x5f5f63695f6c6173745f726567656e65726174657c693a313639313537313432353b),
('k13842d83qtuhtniihmtje1lvcnr4veq', '103.152.237.82', 1691571431, 0x5f5f63695f6c6173745f726567656e65726174657c693a313639313537313433313b),
('ibd3b5u0bm5ho4qvqaand1h59orn7vr0', '103.152.237.82', 1691571450, 0x5f5f63695f6c6173745f726567656e65726174657c693a313639313537313435303b),
('diath1omavi77habr3e5arhnqhseqvf1', '207.46.13.230', 1691573943, 0x5f5f63695f6c6173745f726567656e65726174657c693a313639313537333934333b),
('8hdshjptt434vh8156deh3n566469fsb', '40.77.167.131', 1691573948, 0x5f5f63695f6c6173745f726567656e65726174657c693a313639313537333934383b),
('gojfhr0bbr87s2cvmvuvn96c0deuf6f4', '103.152.237.82', 1691574986, 0x5f5f63695f6c6173745f726567656e65726174657c693a313639313537343938363b),
('mo4950g5ckoqmvt4dintsok877b1oul7', '103.152.237.82', 1691574995, 0x5f5f63695f6c6173745f726567656e65726174657c693a313639313537343939353b),
('91dn4g12gie3qr7qj2v1e6ib32ivjbdt', '103.152.237.82', 1691575020, 0x5f5f63695f6c6173745f726567656e65726174657c693a313639313537353032303b),
('8t58te07hgu97a6i45tqk1nvs2q4dn0u', '103.152.237.82', 1691575333, 0x5f5f63695f6c6173745f726567656e65726174657c693a313639313537353333333b),
('ilbnft6nfsl6kovdibsjg13k48280jct', '103.152.237.82', 1691575336, 0x5f5f63695f6c6173745f726567656e65726174657c693a313639313537353333363b),
('lqkhu2iid23m075e7ahv4rf6faakk5pg', '103.152.237.82', 1691575368, 0x5f5f63695f6c6173745f726567656e65726174657c693a313639313537353336383b),
('tl8k1mtkh5nel8kda26408nu6893dtbd', '40.77.167.131', 1691578176, 0x5f5f63695f6c6173745f726567656e65726174657c693a313639313537383137363b),
('1b300u4m5ltk56cibblt3qp6s698toef', '14.29.200.97', 1691584438, 0x5f5f63695f6c6173745f726567656e65726174657c693a313639313538343433383b),
('p4kklg1vt1v1j027d3gfujffqkorj5n4', '114.107.225.150', 1691585285, 0x5f5f63695f6c6173745f726567656e65726174657c693a313639313538353238353b),
('nha6ki602lo7fr21bj7u37n7ocuq9f3j', '223.247.178.167', 1691606022, 0x5f5f63695f6c6173745f726567656e65726174657c693a313639313630363032323b),
('btdrglfa4c0b2rkrk3o3qabqfsj7kvfs', '14.29.223.121', 1691607275, 0x5f5f63695f6c6173745f726567656e65726174657c693a313639313630373237353b),
('02ut5hlees622ug2bifr2bjf3er6177c', '44.205.2.62', 1691623216, 0x5f5f63695f6c6173745f726567656e65726174657c693a313639313632333231363b),
('skl4f21caq0ed4b5qcd3ihtn1uf14b5p', '54.36.148.207', 1691631774, 0x5f5f63695f6c6173745f726567656e65726174657c693a313639313633313737343b),
('816s690g1o0oj8j6cg2tdg1fg0pc38tg', '51.222.253.6', 1691631776, 0x5f5f63695f6c6173745f726567656e65726174657c693a313639313633313737363b),
('75ddrv1n8md81ordgs39vr8cti36g3ci', '14.116.152.84', 1691635303, 0x5f5f63695f6c6173745f726567656e65726174657c693a313639313633353330333b),
('kaf0r4ve1lk0i09pjqvmq1vbp6tbb3d7', '14.29.200.97', 1691636638, 0x5f5f63695f6c6173745f726567656e65726174657c693a313639313633363633373b),
('s97rptpjpam82jep45lloraqk7gdg01b', '117.33.227.207', 1691648980, 0x5f5f63695f6c6173745f726567656e65726174657c693a313639313634383938303b),
('ihm5en7k590a06lpp34pnllff62nj7f3', '223.240.99.104', 1691650112, 0x5f5f63695f6c6173745f726567656e65726174657c693a313639313635303131323b),
('vverb1mgqaslarje9ldtej8efatsenj8', '103.152.237.82', 1691652097, 0x5f5f63695f6c6173745f726567656e65726174657c693a313639313635323039373b),
('i35jsif4e3g9qciava0u84s7h6kjg9ir', '103.152.237.82', 1691652113, 0x5f5f63695f6c6173745f726567656e65726174657c693a313639313635323131333b),
('9qdiaqps6pt7hhf97bb9q9sg8ogln314', '164.92.87.221', 1691660980, 0x5f5f63695f6c6173745f726567656e65726174657c693a313639313636303938303b),
('0rd98n02esnvg0ckts6df9f63bjfbo9s', '45.248.151.3', 1691664688, 0x5f5f63695f6c6173745f726567656e65726174657c693a313639313636343638383b),
('1vvkfh417eshhok5vl1d1idnkd7lmef9', '45.248.151.3', 1691665112, 0x5f5f63695f6c6173745f726567656e65726174657c693a313639313636353131323b6c6f67696e5f7374617475737c733a313a2231223b757365725f69647c733a313a2231223b6e616d657c733a393a2257656262646d656574223b656d61696c7c733a31393a2277656262646d65657440676d61696c2e636f6d223b61646d696e5f69735f6c6f67696e7c733a313a2231223b6c6f67696e5f747970657c733a353a2261646d696e223b6163746976655f6d656e757c733a323a223135223b),
('31ac3n96qtge762unvo97pq9btp4jnt5', '45.248.151.3', 1691665112, 0x5f5f63695f6c6173745f726567656e65726174657c693a313639313636353131323b6c6f67696e5f7374617475737c733a313a2231223b757365725f69647c733a313a2231223b6e616d657c733a393a2257656262646d656574223b656d61696c7c733a31393a2277656262646d65657440676d61696c2e636f6d223b61646d696e5f69735f6c6f67696e7c733a313a2231223b6c6f67696e5f747970657c733a353a2261646d696e223b6163746976655f6d656e757c733a323a223135223b),
('2s385jpqq28or0eikipug6qs0l43upas', '103.14.145.149', 1691669447, 0x5f5f63695f6c6173745f726567656e65726174657c693a313639313636393434373b),
('7u9c22bbonqf0q1c3op48qpbsh47jouk', '103.14.145.149', 1691669790, 0x5f5f63695f6c6173745f726567656e65726174657c693a313639313636393739303b),
('mrimoqa76po047q3r2p4jdaetg0sqge0', '103.14.145.149', 1691669806, 0x5f5f63695f6c6173745f726567656e65726174657c693a313639313636393830363b),
('bebej4tjeh6q5fiv0s64lmoql67n6nk0', '103.14.145.149', 1691670004, 0x5f5f63695f6c6173745f726567656e65726174657c693a313639313637303030343b),
('vd509h6skeucjku5kbhap7dcq520dp28', '103.14.145.149', 1691670019, 0x5f5f63695f6c6173745f726567656e65726174657c693a313639313637303031393b),
('2cr0te51ke0mjrbhr3tg230facjn2i7l', '113.108.9.38', 1691670977, 0x5f5f63695f6c6173745f726567656e65726174657c693a313639313637303937363b),
('2lotjq5dd7qcigfpe33j9vtn7stndkf0', '113.125.51.198', 1691671767, 0x5f5f63695f6c6173745f726567656e65726174657c693a313639313637313736373b),
('fnshrfmrto0anaqv3iikmo27algjj7p3', '103.14.145.149', 1691672047, 0x5f5f63695f6c6173745f726567656e65726174657c693a313639313637323034373b),
('ncbm8e3lmqj3fm2r0ovmjdfpap73ca6b', '103.14.145.149', 1691672071, 0x5f5f63695f6c6173745f726567656e65726174657c693a313639313637323037313b),
('sfsih7r4oth2j173oomcrms720a9mphf', '103.14.145.149', 1691672079, 0x5f5f63695f6c6173745f726567656e65726174657c693a313639313637323037393b),
('g45sp2mko002upuripb597a4cq70n0q8', '103.25.251.251', 1691672245, 0x5f5f63695f6c6173745f726567656e65726174657c693a313639313637323234353b),
('pddcafavl4vuq2vj9fofk1po54dc7ap3', '103.25.251.251', 1691672258, 0x5f5f63695f6c6173745f726567656e65726174657c693a313639313637323235383b),
('qgn81cppt8thata7vhkd544djb0ibugh', '103.25.251.251', 1691672301, 0x5f5f63695f6c6173745f726567656e65726174657c693a313639313637323330313b),
('e3l5ucqvorso35rtrgg95jpel9usubis', '103.25.251.251', 1691672307, 0x5f5f63695f6c6173745f726567656e65726174657c693a313639313637323330373b),
('rjg3u4de4rvd6uice80calaubu4o4rha', '103.25.251.251', 1691672314, 0x5f5f63695f6c6173745f726567656e65726174657c693a313639313637323331343b),
('8gl7l18rc6mqfliujflp08o7gfpvdssq', '103.152.237.82', 1691675498, 0x5f5f63695f6c6173745f726567656e65726174657c693a313639313637353439383b),
('rabmife25kqs1co0u5km9ch6hfao0qc2', '103.152.237.82', 1691675511, 0x5f5f63695f6c6173745f726567656e65726174657c693a313639313637353531313b),
('oej3egn58obuti3bmorq84b95h7aanjd', '103.152.237.82', 1691675525, 0x5f5f63695f6c6173745f726567656e65726174657c693a313639313637353532353b),
('lk6h7lhmdis1egf080reuhvmqhi7uhm8', '103.152.237.82', 1691675559, 0x5f5f63695f6c6173745f726567656e65726174657c693a313639313637353535363b7461726e646174617c613a353a7b733a373a227472616e5f6964223b733a31373a2253534c4336346434656261346239666363223b733a373a22757365725f6964223b733a313a2239223b733a31303a227061636b6167655f6964223b733a313a2231223b733a363a22616d6f756e74223b733a353a223130302e30223b733a383a2263757272656e6379223b733a333a22424454223b7d),
('lnn3q0kf9ffuidnnhoju9dtmo43ckn0h', '103.152.237.82', 1691675561, 0x5f5f63695f6c6173745f726567656e65726174657c693a313639313637353535393b7461726e646174617c613a353a7b733a373a227472616e5f6964223b733a31373a2253534c4336346434656261373464346165223b733a373a22757365725f6964223b733a313a2239223b733a31303a227061636b6167655f6964223b733a313a2231223b733a363a22616d6f756e74223b733a353a223130302e30223b733a383a2263757272656e6379223b733a333a22424454223b7d),
('3m8eli2sfktase6qg58o0tveu3ojbt5f', '103.152.237.82', 1691675619, 0x5f5f63695f6c6173745f726567656e65726174657c693a313639313637353631353b7461726e646174617c613a353a7b733a373a227472616e5f6964223b733a31373a2253534c4336346434656264666235366465223b733a373a22757365725f6964223b733a313a2239223b733a31303a227061636b6167655f6964223b733a313a2231223b733a363a22616d6f756e74223b733a353a223130302e30223b733a383a2263757272656e6379223b733a333a22424454223b7d),
('3c74h08tmfqpvbp98hfn5uatp63qp5v8', '103.14.145.151', 1691690314, 0x5f5f63695f6c6173745f726567656e65726174657c693a313639313639303331343b),
('j00f7k4ipr16attj4dtgl4ai60e6io7o', '54.245.160.143', 1691693977, 0x5f5f63695f6c6173745f726567656e65726174657c693a313639313639333937373b),
('t88nt6n5jmku2orku1hofvu58qdrajae', '54.186.243.244', 1691693980, 0x5f5f63695f6c6173745f726567656e65726174657c693a313639313639333938303b),
('gpvekf13g33e4lo6i6b6pmo6uvsoikku', '34.219.61.122', 1691694010, 0x5f5f63695f6c6173745f726567656e65726174657c693a313639313639343031303b),
('kk01gns8rl5pt174sfh21mf5leqhkvvb', '35.88.95.157', 1691694013, 0x5f5f63695f6c6173745f726567656e65726174657c693a313639313639343031333b),
('pbvl8ntann7ld074igsg9d62i5mtfo0i', '14.116.185.229', 1691694358, 0x5f5f63695f6c6173745f726567656e65726174657c693a313639313639343335383b),
('tirlnqrtpu2rrk9chen1b3r2pcauje78', '37.111.206.253', 1691695500, 0x5f5f63695f6c6173745f726567656e65726174657c693a313639313639353430323b),
('3ojs52loolfsl7g59ghdkgcram57i41r', '178.128.113.85', 1691702884, 0x5f5f63695f6c6173745f726567656e65726174657c693a313639313730323838343b),
('ti70r7473su8p0h0cuc9qh2etud2kvro', '51.222.253.6', 1691718035, 0x5f5f63695f6c6173745f726567656e65726174657c693a313639313731383033353b),
('t1e3tkmv94e0i26fslq30iesj17j75oq', '51.222.253.9', 1691718037, 0x5f5f63695f6c6173745f726567656e65726174657c693a313639313731383033373b),
('trvimdu298jgrs586279af1ne53idvh2', '14.29.176.211', 1691721732, 0x5f5f63695f6c6173745f726567656e65726174657c693a313639313732313733323b),
('ms9jkae4vkqdk5k4p92njvb337rjcohv', '14.29.216.170', 1691722984, 0x5f5f63695f6c6173745f726567656e65726174657c693a313639313732323938343b),
('bbdqindog72nec5g2a14jv9il0phpr8n', '137.226.113.44', 1691727317, 0x5f5f63695f6c6173745f726567656e65726174657c693a313639313732373331373b),
('fnmdv77pb7rhbet3n633ku4f8c0rek3v', '14.29.200.97', 1691735865, 0x5f5f63695f6c6173745f726567656e65726174657c693a313639313733353836353b),
('8kd4ckb03uvd69sttv6rolk2ulbqrple', '167.172.230.243', 1691735930, 0x5f5f63695f6c6173745f726567656e65726174657c693a313639313733353933303b),
('jsvisodd6shrsdf3kgtsuo23qfuijtlt', '14.116.184.240', 1691736557, 0x5f5f63695f6c6173745f726567656e65726174657c693a313639313733363535373b),
('lvq1ftj8ucmm9bl7er9ittfibra56hsh', '45.248.151.3', 1691744270, 0x5f5f63695f6c6173745f726567656e65726174657c693a313639313734343237303b),
('n0e43pldcjgtlghpevk884tgvsdrkdh7', '45.248.151.3', 1691744491, 0x5f5f63695f6c6173745f726567656e65726174657c693a313639313734343237303b),
('tb7quiu6s7uuesc9lucj1tanor19n5tf', '103.25.249.246', 1691745329, 0x5f5f63695f6c6173745f726567656e65726174657c693a313639313734353330373b),
('ps9f0a7b1ibimud7t5a4ur8ns65od7qi', '79.137.65.46', 1691750565, 0x5f5f63695f6c6173745f726567656e65726174657c693a313639313735303536353b),
('8vvs2408ah9vveaee1n9mkckgg9ea42s', '138.246.253.24', 1691751016, 0x5f5f63695f6c6173745f726567656e65726174657c693a313639313735313031363b),
('3dscmk5nb4slk0dlf45ism5lluhfmrj7', '113.125.51.198', 1691756976, 0x5f5f63695f6c6173745f726567656e65726174657c693a313639313735363937363b),
('1a8flb2eb5ngqjl519krsk36aldadt74', '223.240.99.104', 1691757600, 0x5f5f63695f6c6173745f726567656e65726174657c693a313639313735373630303b),
('6foeeckd9esvuubdndbod69frduvutmn', '37.111.206.253', 1691763894, 0x5f5f63695f6c6173745f726567656e65726174657c693a313639313736333839343b737563636573737c733a31373a225369676e757020636f6d706c657465642e223b5f5f63695f766172737c613a313a7b733a373a2273756363657373223b733a333a226f6c64223b7d),
('11c5nb1bkmau2tjn0a26r1oo1eqcsmcj', '37.111.206.253', 1691763590, 0x5f5f63695f6c6173745f726567656e65726174657c693a313639313736333539303b),
('e3274iti6057ebt7otk14d2hiklnapbc', '5.42.65.42', 1691763657, 0x5f5f63695f6c6173745f726567656e65726174657c693a313639313736333635373b),
('v7pmtfmjbb40uheghmdus3nlnn0eo6ul', '37.111.206.253', 1691764081, 0x5f5f63695f6c6173745f726567656e65726174657c693a313639313736333839343b6c6f67696e5f7374617475737c733a313a2231223b757365725f69647c733a323a223131223b6e616d657c733a393a224d7220526f6269756c223b656d61696c7c733a31383a22656d6f6e726f623440676d61696c2e636f6d223b),
('nvcvtve7mr9ig569dih7lcobsj5mqadv', '103.209.197.177', 1691767766, 0x5f5f63695f6c6173745f726567656e65726174657c693a313639313736373736363b7461726e646174617c613a353a7b733a373a227472616e5f6964223b733a31373a2253534c4336346436353138336238666138223b733a373a22757365725f6964223b733a313a2234223b733a31303a227061636b6167655f6964223b733a313a2231223b733a363a22616d6f756e74223b733a363a223330302e3030223b733a383a2263757272656e6379223b733a333a22424454223b7d),
('72fsrouh60hc51dfckk3hgvacdsipcij', '103.209.197.177', 1691767174, 0x5f5f63695f6c6173745f726567656e65726174657c693a313639313736373137343b),
('7k0mj322h6omb6t5q2lq2toof5qhigqr', '103.209.197.177', 1691767422, 0x5f5f63695f6c6173745f726567656e65726174657c693a313639313736373432323b),
('c4o8nqo2rgf5r24802sapim6d7mhq1o8', '103.209.197.177', 1691767438, 0x5f5f63695f6c6173745f726567656e65726174657c693a313639313736373433383b),
('q5ehlkr3udpcmqn1i6ab2h00vvehh1nr', '103.209.197.177', 1691767460, 0x5f5f63695f6c6173745f726567656e65726174657c693a313639313736373436303b),
('2ngt5fhp92fm8a90fev0aqf0aoa92fad', '103.209.197.177', 1691767467, 0x5f5f63695f6c6173745f726567656e65726174657c693a313639313736373436373b),
('qb07udh549q7f9phnc1m15hr3t3b8c5l', '103.209.197.177', 1691767869, 0x5f5f63695f6c6173745f726567656e65726174657c693a313639313736373736363b7461726e646174617c613a353a7b733a373a227472616e5f6964223b733a31373a2253534c4336346436353138336238666138223b733a373a22757365725f6964223b733a313a2234223b733a31303a227061636b6167655f6964223b733a313a2231223b733a363a22616d6f756e74223b733a363a223330302e3030223b733a383a2263757272656e6379223b733a333a22424454223b7d),
('eoo31picnfvble9rucol5vrg7j0hfpm3', '103.209.197.177', 1691768423, 0x5f5f63695f6c6173745f726567656e65726174657c693a313639313736383432333b),
('ea3u4iht2kervff4dqv0l1t7mrafeguu', '103.209.197.177', 1691768452, 0x5f5f63695f6c6173745f726567656e65726174657c693a313639313736383435323b),
('kgfo1m70rid77us393gpm2g82c2vd90a', '103.209.197.177', 1691768472, 0x5f5f63695f6c6173745f726567656e65726174657c693a313639313736383437323b),
('734u5r316s2bqkp2j2o4dbhgrsv6o0mn', '103.209.197.177', 1691768492, 0x5f5f63695f6c6173745f726567656e65726174657c693a313639313736383439323b),
('3fdb4qmuh6146ge2du6oj5eisve9tg5r', '103.209.197.177', 1691768512, 0x5f5f63695f6c6173745f726567656e65726174657c693a313639313736383531323b),
('pmethv0f2eh63hui0qutog4q89vqoirr', '103.209.197.177', 1691768673, 0x5f5f63695f6c6173745f726567656e65726174657c693a313639313736383637333b),
('m6a2jfd9thghrbtkohs30hhvm1mt52tc', '103.209.197.177', 1691768785, 0x5f5f63695f6c6173745f726567656e65726174657c693a313639313736383738353b),
('psfqq4oqfm09hcdrgckcarbceh4ju32n', '103.209.197.177', 1691768880, 0x5f5f63695f6c6173745f726567656e65726174657c693a313639313736383838303b),
('6hrtu7uc5j1qi8lc6lrsbu814dqi2799', '103.209.197.177', 1691769068, 0x5f5f63695f6c6173745f726567656e65726174657c693a313639313736393036383b),
('m6146bavadnuvsl6rgbvh8oovm5p8la1', '103.209.197.177', 1691769759, 0x5f5f63695f6c6173745f726567656e65726174657c693a313639313736393735393b),
('8cos2aotkesas24oc6agq9bi3cbru3ql', '103.209.197.177', 1691769763, 0x5f5f63695f6c6173745f726567656e65726174657c693a313639313736393736333b),
('6cce61htmcuf3vht1b90a0am5v0lhjmp', '103.209.197.177', 1691769798, 0x5f5f63695f6c6173745f726567656e65726174657c693a313639313736393739353b7461726e646174617c613a353a7b733a373a227472616e5f6964223b733a31373a2253534c4336346436356263333938353863223b733a373a22757365725f6964223b733a313a2236223b733a31303a227061636b6167655f6964223b733a313a2231223b733a363a22616d6f756e74223b733a353a223130302e30223b733a383a2263757272656e6379223b733a333a22424454223b7d),
('i18jgat05t91ml46mnr69vb30atfidph', '103.26.139.87', 1691769835, 0x5f5f63695f6c6173745f726567656e65726174657c693a313639313736393833353b),
('gua008d1b4pp1r5gg5vak68nc7o42q3l', '103.209.197.177', 1691769841, 0x5f5f63695f6c6173745f726567656e65726174657c693a313639313736393833383b),
('8e7rb8dei1uetjeggmqdqdfo8l12u3bs', '103.209.197.177', 1691769863, 0x5f5f63695f6c6173745f726567656e65726174657c693a313639313736393836333b),
('6g42vck1lfi28h07q05bjuuniqn09mpe', '103.209.197.177', 1691769867, 0x5f5f63695f6c6173745f726567656e65726174657c693a313639313736393836373b),
('q0tukv204pivga9a4puke4ncu7o7bepg', '103.209.197.177', 1691769905, 0x5f5f63695f6c6173745f726567656e65726174657c693a313639313736393930353b),
('lrmrs4ieujs7u859k4uegtaj9alrqk8a', '103.209.197.177', 1691769921, 0x5f5f63695f6c6173745f726567656e65726174657c693a313639313736393932313b),
('o6tqd4n6nfja3bq8vcibo2746sc3qon7', '103.209.197.177', 1691770056, 0x5f5f63695f6c6173745f726567656e65726174657c693a313639313737303035363b),
('d5csoiaqn8ri4folmtqrrcbf941rn17s', '103.209.197.177', 1691770347, 0x5f5f63695f6c6173745f726567656e65726174657c693a313639313737303334373b),
('lo2ehbr1migbelav4rman25asecbe4f1', '103.209.197.177', 1691770857, 0x5f5f63695f6c6173745f726567656e65726174657c693a313639313737303835373b),
('s772vjsqoarnqufp38d6om9lts6160hk', '103.209.197.177', 1691770890, 0x5f5f63695f6c6173745f726567656e65726174657c693a313639313737303839303b),
('ue0jjg217t57rs8b8k1spdfupmbhhq97', '103.209.197.177', 1691770913, 0x5f5f63695f6c6173745f726567656e65726174657c693a313639313737303931333b),
('rctaris42pbu4l7fbsnfqmskktr5jq84', '103.209.197.177', 1691770918, 0x5f5f63695f6c6173745f726567656e65726174657c693a313639313737303931383b),
('5p9f6bgippf75k9jnokpvjcllah4a5ag', '103.209.197.177', 1691770991, 0x5f5f63695f6c6173745f726567656e65726174657c693a313639313737303939313b),
('nk80gehu40dpu039h731iqv743oei5fb', '103.209.197.177', 1691770998, 0x5f5f63695f6c6173745f726567656e65726174657c693a313639313737303939383b),
('945mbpq1dj0nhb60j4jklpbe5cu7i4j6', '103.209.197.177', 1691771124, 0x5f5f63695f6c6173745f726567656e65726174657c693a313639313737313132343b),
('sk5sfsj0mh861vtjjqdgm7dqcgogi2si', '103.209.197.177', 1691771177, 0x5f5f63695f6c6173745f726567656e65726174657c693a313639313737313137373b),
('9s35u4cmb2pf5tsksj4qt9mabiv7ngcv', '103.209.197.177', 1691771303, 0x5f5f63695f6c6173745f726567656e65726174657c693a313639313737313330333b),
('s37cqjvtoegn5farms5ep2q1v8874qga', '103.209.197.177', 1691771309, 0x5f5f63695f6c6173745f726567656e65726174657c693a313639313737313330393b),
('daicdmbfv1ksfrc7hcqh7m562jb9uhgs', '103.209.197.177', 1691771352, 0x5f5f63695f6c6173745f726567656e65726174657c693a313639313737313335323b),
('rnbv72bei2k833c1gvh3e3l46ntq7rme', '103.209.197.177', 1691771357, 0x5f5f63695f6c6173745f726567656e65726174657c693a313639313737313335373b),
('fclbbmqd4j8lc8mcbd1se1ce8ej1jene', '103.209.197.177', 1691771394, 0x5f5f63695f6c6173745f726567656e65726174657c693a313639313737313339343b),
('ftmglqms9rim8mfjauhui28gf473dcc8', '103.209.197.177', 1691771396, 0x5f5f63695f6c6173745f726567656e65726174657c693a313639313737313339363b),
('3ghupqipsnpkus4cmr1qkrjep1toub02', '103.209.197.177', 1691772074, 0x5f5f63695f6c6173745f726567656e65726174657c693a313639313737323037343b),
('a50r40sqavsdjngflrqn2o8549b8330t', '103.209.197.177', 1691772232, 0x5f5f63695f6c6173745f726567656e65726174657c693a313639313737323233323b),
('l2psjrvqhc20qa9k8024245stet7mkun', '103.14.145.151', 1691775563, 0x5f5f63695f6c6173745f726567656e65726174657c693a313639313737353536333b),
('ff52d1bft8shphl628bkk3gpf27ji9oq', '103.66.229.4', 1691775946, 0x5f5f63695f6c6173745f726567656e65726174657c693a313639313737353934363b),
('hujr693i1stdmu9ovg2h3sidfj4qto0k', '103.66.229.4', 1691776019, 0x5f5f63695f6c6173745f726567656e65726174657c693a313639313737363031393b),
('6jfvnfs2tf1qfqmrbhu3aho81d08a6qk', '40.77.167.181', 1691776307, 0x5f5f63695f6c6173745f726567656e65726174657c693a313639313737363330373b),
('6ohpi1msnjue8km7h1gbtlrepjjou6bb', '103.209.197.177', 1691776569, 0x5f5f63695f6c6173745f726567656e65726174657c693a313639313737363536393b),
('49eu931r50alf2oevhdtkubqlu0guhrb', '103.66.229.4', 1691776915, 0x5f5f63695f6c6173745f726567656e65726174657c693a313639313737363931353b),
('l1entcbvrjh58q4dmcvamfnb92vjjmhg', '103.209.197.177', 1691776959, 0x5f5f63695f6c6173745f726567656e65726174657c693a313639313737363935393b),
('fs10gouda52glorhnqmijpaqu6n63std', '103.66.229.4', 1691777026, 0x5f5f63695f6c6173745f726567656e65726174657c693a313639313737373032363b),
('tp86grupsfr86rgu5biomro40902b71l', '103.14.145.151', 1691777058, 0x5f5f63695f6c6173745f726567656e65726174657c693a313639313737373035383b),
('p36ma84ojvrvmqta7s0mf56htj9ehvt9', '103.209.197.177', 1691777059, 0x5f5f63695f6c6173745f726567656e65726174657c693a313639313737373035393b),
('v3k9paorjpq56o65r3u0vbl6qgv5fo9b', '103.14.145.151', 1691777082, 0x5f5f63695f6c6173745f726567656e65726174657c693a313639313737373038323b),
('ddi0adlp8a9e6v2ilqcfeijpqpnjef2e', '103.14.145.151', 1691777121, 0x5f5f63695f6c6173745f726567656e65726174657c693a313639313737373132313b),
('jhh153vdmbpj3sqfrfum7u14utv94p17', '103.209.197.177', 1691778064, 0x5f5f63695f6c6173745f726567656e65726174657c693a313639313737383036343b),
('m95sk4dfuo3i1gkr3hm8vofp8je5l9ei', '103.66.229.4', 1691778092, 0x5f5f63695f6c6173745f726567656e65726174657c693a313639313737383039323b),
('c2c3u1grlble7p5ahspkhdj6jutfck33', '103.14.145.151', 1691778272, 0x5f5f63695f6c6173745f726567656e65726174657c693a313639313737383237323b),
('46ggvstbckdm607vadvbr2m7grda4qif', '103.209.197.177', 1691778274, 0x5f5f63695f6c6173745f726567656e65726174657c693a313639313737383237343b),
('8dmqntg4dca5efpblf70gcjsheru14u7', '103.14.145.151', 1691778283, 0x5f5f63695f6c6173745f726567656e65726174657c693a313639313737383238333b),
('ue2ll34cfcebgbtelp2lu75ift5jm9vt', '103.66.229.4', 1691778342, 0x5f5f63695f6c6173745f726567656e65726174657c693a313639313737383334323b),
('a8ara5isliep43a1qbsqp0jnjeavrv91', '103.209.197.177', 1691778450, 0x5f5f63695f6c6173745f726567656e65726174657c693a313639313737383435303b),
('7n2ier5es8347b50a0hv8n9s1cb6j95f', '103.66.229.4', 1691778592, 0x5f5f63695f6c6173745f726567656e65726174657c693a313639313737383539323b),
('54n9c9h0a3jmoio95vfk7cgs8ropr826', '113.125.51.198', 1691778622, 0x5f5f63695f6c6173745f726567656e65726174657c693a313639313737383632323b),
('qbesor51di8ffbunj2vkpbpjqaqna1e4', '103.66.229.4', 1691778640, 0x5f5f63695f6c6173745f726567656e65726174657c693a313639313737383634303b),
('arajnp6v9mt4g5tatpcsh90db4f1s9a1', '103.66.229.4', 1691778823, 0x5f5f63695f6c6173745f726567656e65726174657c693a313639313737383832333b),
('j2uiofdnbmavntsonfruevd6igbtdk42', '103.209.197.177', 1691778885, 0x5f5f63695f6c6173745f726567656e65726174657c693a313639313737383838353b),
('5l1trg97p0vgfte2s5pitivhbnk4ap4c', '103.209.197.177', 1691778953, 0x5f5f63695f6c6173745f726567656e65726174657c693a313639313737383935333b),
('a7j6ol9q41io88ddjob7h6jg9cj9u3oe', '103.209.197.177', 1691778966, 0x5f5f63695f6c6173745f726567656e65726174657c693a313639313737383936363b),
('l6hljtahl4ctdnbuft6h0pm7fin87pu5', '50.21.188.17', 1691779118, 0x5f5f63695f6c6173745f726567656e65726174657c693a313639313737393131383b),
('ofesajdhtas3ihchkonhp5rle6b1hfig', '103.14.145.151', 1691779146, 0x5f5f63695f6c6173745f726567656e65726174657c693a313639313737393134363b),
('drg3oocuencfgcs6u74ihuddtbvk5e1b', '103.14.145.151', 1691779218, 0x5f5f63695f6c6173745f726567656e65726174657c693a313639313737393231383b),
('7m8mvglo5jvavo0e8cithrjuuukr3pp8', '50.21.188.17', 1691779403, 0x5f5f63695f6c6173745f726567656e65726174657c693a313639313737393430333b),
('1u094slc1d30a7gogmfeqf2s29s7vm53', '50.21.188.17', 1691779404, 0x5f5f63695f6c6173745f726567656e65726174657c693a313639313737393430343b),
('ejo2m9gnhmptsi8klgk000j23bok4p6q', '50.21.188.17', 1691779405, 0x5f5f63695f6c6173745f726567656e65726174657c693a313639313737393430353b),
('jqlr862abr3b1h9230dg7tu300igrs0v', '103.66.229.4', 1691779601, 0x5f5f63695f6c6173745f726567656e65726174657c693a313639313737393630313b),
('l346p4g30t93ftgjig2dd01bum8ndhr6', '103.66.229.4', 1691779633, 0x5f5f63695f6c6173745f726567656e65726174657c693a313639313737393633333b),
('5e2pbiltqvgo5e01ekklo2oll82sjrjp', '50.21.188.17', 1691779732, 0x5f5f63695f6c6173745f726567656e65726174657c693a313639313737393733323b),
('vlkc273iemao0fjotpcp94hqklfjn00q', '50.21.188.37', 1691779736, 0x5f5f63695f6c6173745f726567656e65726174657c693a313639313737393733363b),
('5b357dgk9bga2k9lv84sle3kk61k78bs', '103.209.197.177', 1691779745, 0x5f5f63695f6c6173745f726567656e65726174657c693a313639313737393734353b),
('u9ssrs713o770o9mdc2g5k2nj5ib7oic', '103.209.197.177', 1691779753, 0x5f5f63695f6c6173745f726567656e65726174657c693a313639313737393735333b),
('83p4ktrpa7j96bje70l54mbians28dpt', '103.209.197.177', 1691779764, 0x5f5f63695f6c6173745f726567656e65726174657c693a313639313737393736343b),
('p1r6h957k5qc7aqlqs7h4hho5hoaar49', '103.209.197.177', 1691779771, 0x5f5f63695f6c6173745f726567656e65726174657c693a313639313737393737313b),
('le4otr7dr56kenlsg17tph44bo188k9a', '103.209.197.177', 1691779780, 0x5f5f63695f6c6173745f726567656e65726174657c693a313639313737393738303b),
('07spdphkqiov481f5tjj32id89g53obg', '103.209.197.177', 1691779826, 0x5f5f63695f6c6173745f726567656e65726174657c693a313639313737393832363b),
('t8fle9drmrldce6ljtvgt2ulecvhv9h3', '103.66.229.4', 1691779874, 0x5f5f63695f6c6173745f726567656e65726174657c693a313639313737393837343b),
('6mcqsuvt659hop7nhefk9tujr0pgkqsg', '103.209.197.177', 1691779895, 0x5f5f63695f6c6173745f726567656e65726174657c693a313639313737393839353b),
('d7f3kalcarol2ms93nq9803d5t0uko7q', '103.66.229.4', 1691779912, 0x5f5f63695f6c6173745f726567656e65726174657c693a313639313737393931323b),
('dngtmkmnc8kpbv10crpqodb88p9nrstk', '103.66.229.4', 1691779942, 0x5f5f63695f6c6173745f726567656e65726174657c693a313639313737393934323b),
('7clv0ab9gcpr56rhfnflfon41393o2sl', '103.66.229.4', 1691780052, 0x5f5f63695f6c6173745f726567656e65726174657c693a313639313738303035323b),
('pc84vmml1b2hkdps0h53bfun1gul3j2q', '50.21.188.27', 1691780057, 0x5f5f63695f6c6173745f726567656e65726174657c693a313639313738303035373b),
('26g5ca6t49atk8idcqrm0sietf9vdnke', '103.209.197.177', 1691780088, 0x5f5f63695f6c6173745f726567656e65726174657c693a313639313738303038383b),
('80hmfbj8np712jvjmvuuhg99nmdbqopa', '103.66.229.4', 1691780145, 0x5f5f63695f6c6173745f726567656e65726174657c693a313639313738303134353b),
('8vbo6vmt5l4cbuig6u4nttfvcgss3gb4', '103.66.229.4', 1691780171, 0x5f5f63695f6c6173745f726567656e65726174657c693a313639313738303137313b),
('mhq83uietd3joimbgrlkvs874efq5btm', '103.66.229.4', 1691780211, 0x5f5f63695f6c6173745f726567656e65726174657c693a313639313738303231313b),
('mh2pghop3kok9valedda34kumvpl9vfr', '103.66.229.4', 1691780240, 0x5f5f63695f6c6173745f726567656e65726174657c693a313639313738303234303b),
('skb0dmie8eft2jt5lue7dnidk1uij0dc', '103.209.197.177', 1691780289, 0x5f5f63695f6c6173745f726567656e65726174657c693a313639313738303238393b),
('sffh0usdhtlr8hqa2cf2eept6rqpfnf4', '103.209.197.177', 1691780371, 0x5f5f63695f6c6173745f726567656e65726174657c693a313639313738303337313b),
('enjmqlngfcue48184kf7r3isp231o5sr', '103.209.197.177', 1691780475, 0x5f5f63695f6c6173745f726567656e65726174657c693a313639313738303437353b),
('0ocmdkpq4d2a7qe35mbav4fu2qli4fsv', '103.66.229.4', 1691780509, 0x5f5f63695f6c6173745f726567656e65726174657c693a313639313738303530393b),
('ar12f267nrne6530ovm1stktvp16egrt', '103.66.229.4', 1691780525, 0x5f5f63695f6c6173745f726567656e65726174657c693a313639313738303532353b),
('4g0vo67sm7k0b18ihkpok1hcbo7h7e9u', '103.66.229.4', 1691780553, 0x5f5f63695f6c6173745f726567656e65726174657c693a313639313738303535333b),
('oavfr2ej8l6priihbu1i2b5j2fa9ai6v', '103.66.229.4', 1691780586, 0x5f5f63695f6c6173745f726567656e65726174657c693a313639313738303538363b),
('no7q9ab283kde15js428lvl310ohme96', '103.66.229.4', 1691780614, 0x5f5f63695f6c6173745f726567656e65726174657c693a313639313738303631343b),
('mmfe9j08rhd3r8ir1q6uukl3ehb5ch0r', '103.66.229.4', 1691780731, 0x5f5f63695f6c6173745f726567656e65726174657c693a313639313738303733313b),
('rfib47sesrhen6om6me7jmdus2hsahh8', '103.209.197.177', 1691780759, 0x5f5f63695f6c6173745f726567656e65726174657c693a313639313738303735393b),
('ofa84rffnir8tgdp6l1779dcd4djgotu', '103.66.229.4', 1691780787, 0x5f5f63695f6c6173745f726567656e65726174657c693a313639313738303738373b),
('ig56atjt63jm80iphuuktc1k699qnqrl', '103.66.229.4', 1691780811, 0x5f5f63695f6c6173745f726567656e65726174657c693a313639313738303831313b),
('1ao46ncn7nss406k5sj9p1fp9trq38ad', '103.96.107.86', 1691781307, 0x5f5f63695f6c6173745f726567656e65726174657c693a313639313738313330373b),
('qt13bbf4jurm6mkb2nlsts79d0gtvbu1', '103.96.107.86', 1691781114, 0x5f5f63695f6c6173745f726567656e65726174657c693a313639313738313131343b),
('ig6sa42pnbul88oktculatsisdt221vs', '103.209.197.177', 1691781167, 0x5f5f63695f6c6173745f726567656e65726174657c693a313639313738313136363b),
('lpu95kp2dppv48lmjpt99ito4bikmtnk', '103.96.107.86', 1691781437, 0x5f5f63695f6c6173745f726567656e65726174657c693a313639313738313330373b6c6f67696e5f7374617475737c733a313a2231223b757365725f69647c733a313a2231223b6e616d657c733a393a2257656262646d656574223b656d61696c7c733a31393a2277656262646d65657440676d61696c2e636f6d223b61646d696e5f69735f6c6f67696e7c733a313a2231223b6c6f67696e5f747970657c733a353a2261646d696e223b6163746976655f6d656e757c733a313a2231223b),
('q7md0cqf6chpq2uptr34uqtfbhe92q34', '43.250.82.229', 1691781401, 0x5f5f63695f6c6173745f726567656e65726174657c693a313639313738313339383b),
('a0k9le36urk3f9g2491tq1vbr8bfgp79', '103.15.42.197', 1691781422, 0x5f5f63695f6c6173745f726567656e65726174657c693a313639313738313431393b),
('vld994sdf22todsod391e5mmbb5l143a', '103.14.145.151', 1691781429, 0x5f5f63695f6c6173745f726567656e65726174657c693a313639313738313432393b),
('43aok81e1spg70m973dehm652jq41ul0', '103.14.145.151', 1691781493, 0x5f5f63695f6c6173745f726567656e65726174657c693a313639313738313439333b),
('33edq4rqi22hvt0ivtu3m6lind6j9n4c', '103.14.145.151', 1691781531, 0x5f5f63695f6c6173745f726567656e65726174657c693a313639313738313533313b),
('vr995euol8mckog7kmgd0i408vg07csh', '103.209.197.177', 1691781561, 0x5f5f63695f6c6173745f726567656e65726174657c693a313639313738313536313b),
('1i8q4qm1l4g37b4k0k5c1en7kvkbroah', '103.209.197.177', 1691781603, 0x5f5f63695f6c6173745f726567656e65726174657c693a313639313738313630333b),
('oeqv35og1cca4o8e444cfh572po17lec', '103.209.197.177', 1691781697, 0x5f5f63695f6c6173745f726567656e65726174657c693a313639313738313639373b),
('9scgclo2k5nao2jqov369ipsrnmlv2nh', '103.209.197.177', 1691781911, 0x5f5f63695f6c6173745f726567656e65726174657c693a313639313738313931313b),
('p4rnlk6kna9a3rlrtn0d5ne5lkls819q', '103.209.197.177', 1691782146, 0x5f5f63695f6c6173745f726567656e65726174657c693a313639313738323134363b),
('vounn14pdu49bfqg1u5mvi9krovt7krd', '103.209.197.177', 1691782198, 0x5f5f63695f6c6173745f726567656e65726174657c693a313639313738323139383b),
('rrk5jengbjqjjq326d40ubtbmkimibqq', '103.209.197.177', 1691782296, 0x5f5f63695f6c6173745f726567656e65726174657c693a313639313738323239363b),
('f42bq528nd8rdtoh729c6pcm7cs9rpp7', '119.30.41.56', 1691786031, 0x5f5f63695f6c6173745f726567656e65726174657c693a313639313738363033313b),
('lgnq86ohc0uiejt5r3h8frf6jq7r351u', '103.20.242.18', 1691782396, 0x5f5f63695f6c6173745f726567656e65726174657c693a313639313738323339363b),
('m5a3f93oo0kf37vogfvf2m7mgqu3is5h', '202.173.122.4', 1691782398, 0x5f5f63695f6c6173745f726567656e65726174657c693a313639313738323339383b),
('tuf3sd39ptsavgn16l1hmavcomchmtj0', '103.209.197.177', 1691782571, 0x5f5f63695f6c6173745f726567656e65726174657c693a313639313738323537313b),
('ddlqip8jom1kqkh71gbipni6sa184pg8', '103.209.197.177', 1691782844, 0x5f5f63695f6c6173745f726567656e65726174657c693a313639313738323834343b),
('vii03p0c66rqp19p0a5ki8vap2thur04', '103.209.197.177', 1691783251, 0x5f5f63695f6c6173745f726567656e65726174657c693a313639313738333235313b),
('o7u8tkp1dpfahnhn3qc82nfl1b37k37k', '103.209.197.177', 1691783337, 0x5f5f63695f6c6173745f726567656e65726174657c693a313639313738333333373b),
('tr29d52pofd30fpkp81v0bf4odlf8o51', '103.209.197.177', 1691783425, 0x5f5f63695f6c6173745f726567656e65726174657c693a313639313738333432353b),
('2724fvgh1osf3jubih59qqua80212kcr', '103.209.197.177', 1691783451, 0x5f5f63695f6c6173745f726567656e65726174657c693a313639313738333435313b),
('od31lregbcklss3nsksotljedcl9unn8', '103.209.197.177', 1691783574, 0x5f5f63695f6c6173745f726567656e65726174657c693a313639313738333537343b),
('9vvo4dttg7s43qhhtanmfjn81g3antb3', '103.209.197.177', 1691783680, 0x5f5f63695f6c6173745f726567656e65726174657c693a313639313738333638303b),
('avm9kunni5kfjtkqnmolscbr1s99dntt', '103.209.197.177', 1691783724, 0x5f5f63695f6c6173745f726567656e65726174657c693a313639313738333732343b),
('om190tgc4u35glhdtuu83sh437itgpq9', '103.209.197.177', 1691783866, 0x5f5f63695f6c6173745f726567656e65726174657c693a313639313738333836363b),
('23niqihb6o23gi3a3llrph87b9dobvfc', '103.209.197.177', 1691784425, 0x5f5f63695f6c6173745f726567656e65726174657c693a313639313738343432353b),
('bmrnolvb0cc82l6nu0h0nhulsn3sn4t4', '103.209.197.177', 1691784523, 0x5f5f63695f6c6173745f726567656e65726174657c693a313639313738343532333b),
('u1lucl5ta3ie9v0rqbf7q982brs08cld', '103.209.197.177', 1691784625, 0x5f5f63695f6c6173745f726567656e65726174657c693a313639313738343632353b),
('g76sa98gvrl5lgikuqau468vctj3vepk', '103.209.197.177', 1691784663, 0x5f5f63695f6c6173745f726567656e65726174657c693a313639313738343636333b),
('kuco5a57gil0mj1p36but8prnrphqbqr', '103.209.197.177', 1691784678, 0x5f5f63695f6c6173745f726567656e65726174657c693a313639313738343637383b),
('mhbrfq9mv4k1ba49n6ogg1h6k6qmck63', '103.209.197.177', 1691784778, 0x5f5f63695f6c6173745f726567656e65726174657c693a313639313738343737383b),
('2bd4jh82400hbprs5p7j499f28epao4a', '103.209.197.177', 1691784835, 0x5f5f63695f6c6173745f726567656e65726174657c693a313639313738343833353b),
('e773pn0ldp2e1aqrus7q0t0nnh5fna0r', '103.209.197.177', 1691784880, 0x5f5f63695f6c6173745f726567656e65726174657c693a313639313738343838303b),
('2bonosu6sd1opcv079o6sr2f6qs17c78', '103.209.197.177', 1691784935, 0x5f5f63695f6c6173745f726567656e65726174657c693a313639313738343933353b),
('36cs4kp4junacqtofa729vi5pnkpqbnr', '103.209.197.177', 1691785000, 0x5f5f63695f6c6173745f726567656e65726174657c693a313639313738353030303b),
('uhpdoubcqtjnqisttddduf4llavntkvj', '103.209.197.177', 1691785051, 0x5f5f63695f6c6173745f726567656e65726174657c693a313639313738353035313b),
('ul07r67j5mugm36qshntij3n5hcb2sma', '103.209.197.177', 1691785057, 0x5f5f63695f6c6173745f726567656e65726174657c693a313639313738353035373b),
('4bgfp3ef2103hn2d57mos12u3slag1ad', '103.209.197.177', 1691785113, 0x5f5f63695f6c6173745f726567656e65726174657c693a313639313738353131333b),
('bqsjp4u7u076klqs0cp67vggi557hdvr', '103.209.197.177', 1691785629, 0x5f5f63695f6c6173745f726567656e65726174657c693a313639313738353632393b),
('3duahcdaul0lbd5doe6ep1ksfnne8kj4', '103.209.197.177', 1691785676, 0x5f5f63695f6c6173745f726567656e65726174657c693a313639313738353637363b),
('gstoml9ghmd334k7r5d5nos0e180ff72', '103.209.197.177', 1691785710, 0x5f5f63695f6c6173745f726567656e65726174657c693a313639313738353731303b),
('rhn0ll984o6disc6quv2dokbudhdfcs1', '103.209.197.177', 1691785820, 0x5f5f63695f6c6173745f726567656e65726174657c693a313639313738353832303b),
('r5lbmkdp9fk21hnmu9aiq7joc8uicq56', '103.209.197.177', 1691785854, 0x5f5f63695f6c6173745f726567656e65726174657c693a313639313738353835343b),
('8l8l7ka3bgm0oqd261a7ec12aagbqnak', '103.209.197.177', 1691786017, 0x5f5f63695f6c6173745f726567656e65726174657c693a313639313738363031373b),
('4vhdgelgb03h0q8uttp1qp44j5lojp9c', '119.30.41.56', 1691786031, 0x5f5f63695f6c6173745f726567656e65726174657c693a313639313738363033313b),
('3ctf18s5use7u1t3i3qp0tfacn1gjq4t', '103.209.197.177', 1691786043, 0x5f5f63695f6c6173745f726567656e65726174657c693a313639313738363034333b),
('fbs62p9u6gcv0nipuik0ajdhoffsc6vo', '103.209.197.177', 1691786044, 0x5f5f63695f6c6173745f726567656e65726174657c693a313639313738363034343b),
('dggsapj3ubsloeasb7dfgqr2auplo9o6', '103.209.197.177', 1691786540, 0x5f5f63695f6c6173745f726567656e65726174657c693a313639313738363534303b),
('775ouuc07jc8gu2auc4menttvohp26gj', '103.209.197.177', 1691786559, 0x5f5f63695f6c6173745f726567656e65726174657c693a313639313738363535393b),
('v8oqgtm80k7mt0kup96eeoe60lsfqg8j', '103.209.197.177', 1691786561, 0x5f5f63695f6c6173745f726567656e65726174657c693a313639313738363536313b),
('gn5io5dt6lhjg19gjes3kjl01tbeik8r', '103.209.197.177', 1691786787, 0x5f5f63695f6c6173745f726567656e65726174657c693a313639313738363738373b),
('7l9fkaeosvung4qa1asl280une64saju', '103.209.197.177', 1691786807, 0x5f5f63695f6c6173745f726567656e65726174657c693a313639313738363830373b),
('6pbgq6nsbmumn3pu5jbdtnbh8t3hhggf', '103.209.197.177', 1691786808, 0x5f5f63695f6c6173745f726567656e65726174657c693a313639313738363830383b),
('0erlr3u9tvk5vilsp38s3kfu9ke2u0da', '103.209.197.177', 1691787472, 0x5f5f63695f6c6173745f726567656e65726174657c693a313639313738373437323b),
('mvuak1i7tt3qaatg6bdpn29041cp6md6', '103.209.197.177', 1691787488, 0x5f5f63695f6c6173745f726567656e65726174657c693a313639313738373438383b),
('cgnhjdc4smd8v2eu0c2gmnln37sc7d46', '103.209.197.177', 1691787508, 0x5f5f63695f6c6173745f726567656e65726174657c693a313639313738373530383b),
('41tpc2cdnl4e73j1k3g1c0b3v43elo73', '103.209.197.177', 1691787528, 0x5f5f63695f6c6173745f726567656e65726174657c693a313639313738373532383b),
('imgftddlpfocfqmtfnpkr29ae7bu14hq', '103.209.197.177', 1691787735, 0x5f5f63695f6c6173745f726567656e65726174657c693a313639313738373733353b),
('bvhfi0p9ta5ov1rh3eboepkkng3vcpo0', '103.209.197.177', 1691787795, 0x5f5f63695f6c6173745f726567656e65726174657c693a313639313738373739353b),
('eb6329ng9rksftatsf49dlfaght2aaah', '103.209.197.177', 1691787803, 0x5f5f63695f6c6173745f726567656e65726174657c693a313639313738373830333b),
('svnsqvuc6fbk67mkk7vac0nh91cpg6mg', '103.209.197.177', 1691787935, 0x5f5f63695f6c6173745f726567656e65726174657c693a313639313738373933353b),
('cduvhhr24bkfonf4mc4d89lbo7spubvo', '103.209.197.177', 1691788106, 0x5f5f63695f6c6173745f726567656e65726174657c693a313639313738383130363b),
('91vneolvpvcdvpou1fhd56sjr6buft12', '54.219.189.17', 1691792895, 0x5f5f63695f6c6173745f726567656e65726174657c693a313639313739323839353b),
('ptkaa74tdtgvt71d2831ul86mg9bibm6', '54.36.148.99', 1691801091, 0x5f5f63695f6c6173745f726567656e65726174657c693a313639313830313039303b),
('6itb14crudeukn4i06166ou85ncqalhg', '51.222.253.18', 1691801092, 0x5f5f63695f6c6173745f726567656e65726174657c693a313639313830313039323b),
('lle093fqcbj4t8rtl155iasdkcnipg4g', '182.43.148.98', 1691807512, 0x5f5f63695f6c6173745f726567656e65726174657c693a313639313830373531323b),
('fi1dambr38dlcmaqfl7gjjva60d90vvo', '14.116.157.23', 1691808873, 0x5f5f63695f6c6173745f726567656e65726174657c693a313639313830383837333b),
('g5odp8oflb49uretjreu1dm9c1kdg7io', '14.116.184.240', 1691821686, 0x5f5f63695f6c6173745f726567656e65726174657c693a313639313832313638363b),
('1nvi566jlallp3n3naas294cdghptgt1', '14.116.184.240', 1691822546, 0x5f5f63695f6c6173745f726567656e65726174657c693a313639313832323534363b),
('avfeupknkv80u2inmk7rdrsv4k4rpiq9', '51.254.199.11', 1691823870, 0x5f5f63695f6c6173745f726567656e65726174657c693a313639313832333837303b),
('al9fr2gjekoa9erc79ig6sap3mag4vq9', '207.46.13.230', 1691824228, 0x5f5f63695f6c6173745f726567656e65726174657c693a313639313832343232383b),
('t4njr23dg0vtsqdscta70cc3da5hjvfv', '40.77.167.103', 1691824239, 0x5f5f63695f6c6173745f726567656e65726174657c693a313639313832343233393b),
('qltffpu2i4l7p19l727frq3ucr1t43i4', '103.14.145.151', 1691824741, 0x5f5f63695f6c6173745f726567656e65726174657c693a313639313832343734313b),
('ophel0vf7a62sf7q3i9hbh71jb37p647', '103.14.145.151', 1691824785, 0x5f5f63695f6c6173745f726567656e65726174657c693a313639313832343738353b),
('vpv8a43nn4q1lk4i3qplkpe9gv97a93n', '103.14.145.151', 1691824798, 0x5f5f63695f6c6173745f726567656e65726174657c693a313639313832343739383b),
('qpbrn3me78j45997nbtendc5c0cqmmni', '103.14.145.151', 1691824813, 0x5f5f63695f6c6173745f726567656e65726174657c693a313639313832343831333b),
('ld365padqgqec92jg8tqs084alo94uu1', '103.14.145.151', 1691824819, 0x5f5f63695f6c6173745f726567656e65726174657c693a313639313832343831393b),
('juvp6c9gj1b0jj7m1jhj94vp8f7s6a4c', '103.14.145.151', 1691824824, 0x5f5f63695f6c6173745f726567656e65726174657c693a313639313832343832343b),
('nib818h916mlaloda95ko6i478f40enm', '103.14.145.151', 1691824828, 0x5f5f63695f6c6173745f726567656e65726174657c693a313639313832343832383b),
('ga5srmiog7rc2dffvtvj1jja8j91nu61', '103.14.145.151', 1691824969, 0x5f5f63695f6c6173745f726567656e65726174657c693a313639313832343936393b),
('maffh8q3nh5ugnj9bm2u7avf6rob70ck', '103.209.197.177', 1691825038, 0x5f5f63695f6c6173745f726567656e65726174657c693a313639313832353033373b),
('cv6bsql44rbio2u2us74fl5oi8ifhpg3', '103.209.197.177', 1691825050, 0x5f5f63695f6c6173745f726567656e65726174657c693a313639313832353035303b),
('r9v74pctnrshv98ceun99l4ppkvaolj3', '103.209.197.177', 1691825061, 0x5f5f63695f6c6173745f726567656e65726174657c693a313639313832353036313b),
('aeod5jj0u4effrl31asvkjnt09m8e4bl', '103.209.197.177', 1691825066, 0x5f5f63695f6c6173745f726567656e65726174657c693a313639313832353036363b),
('275rs9udjeq64pk7u8470qf0gjeeosbe', '103.209.197.177', 1691825071, 0x5f5f63695f6c6173745f726567656e65726174657c693a313639313832353037313b),
('s4td2c81ms2hltu2mkrlur5spu488fqh', '103.209.197.177', 1691825095, 0x5f5f63695f6c6173745f726567656e65726174657c693a313639313832353039353b),
('fgi6uf6htsnr5gerlsk461h5kfmpj6j2', '103.209.197.177', 1691825109, 0x5f5f63695f6c6173745f726567656e65726174657c693a313639313832353130393b),
('bifvej98q504oqnf5abdg5lr0d7lhck8', '103.25.249.240', 1691825231, 0x5f5f63695f6c6173745f726567656e65726174657c693a313639313832353233313b),
('qvtv7rp16cnct3170qmri4hjhlgqapnf', '103.25.249.240', 1691825243, 0x5f5f63695f6c6173745f726567656e65726174657c693a313639313832353234333b),
('g1gdij1k77qqbe2aatopo5pn21qllfkv', '103.25.249.240', 1691825259, 0x5f5f63695f6c6173745f726567656e65726174657c693a313639313832353235373b7461726e646174617c613a353a7b733a373a227472616e5f6964223b733a31373a2253534c4336346437333436393239666562223b733a373a22757365725f6964223b733a313a2239223b733a31303a227061636b6167655f6964223b733a313a2231223b733a363a22616d6f756e74223b733a353a223130302e30223b733a383a2263757272656e6379223b733a333a22424454223b7d),
('dir41vgk6fhr2ff1cku815ad63hd9q2r', '103.109.56.201', 1691826315, 0x5f5f63695f6c6173745f726567656e65726174657c693a313639313832363331353b),
('tdsnhh6ub4ipkk1rtrjrmr2pk2uqn3su', '103.120.164.76', 1691826410, 0x5f5f63695f6c6173745f726567656e65726174657c693a313639313832363431303b),
('7v6scs32alfv2s7os9f4vaotj9tg34dn', '119.30.41.56', 1691826658, 0x5f5f63695f6c6173745f726567656e65726174657c693a313639313832363635383b),
('k4pj2p48pg6h9qbr535p5dsm8f8qtnj2', '103.231.238.30', 1691827209, 0x5f5f63695f6c6173745f726567656e65726174657c693a313639313832373230393b),
('9cc25125cjkd236j9bs0ua07r6dr6sbq', '103.109.56.201', 1691827888, 0x5f5f63695f6c6173745f726567656e65726174657c693a313639313832373838313b),
('5lcapbsqp3iimko6qhomgr3bs5t34ih0', '103.209.197.177', 1691827919, 0x5f5f63695f6c6173745f726567656e65726174657c693a313639313832373931393b),
('gn95sbf1spok06agfpnq9rg9bj5l3d12', '103.209.197.177', 1691827959, 0x5f5f63695f6c6173745f726567656e65726174657c693a313639313832373935393b),
('dvnd3glogcl5j05rmeaka4os59od6g6i', '103.209.197.177', 1691827970, 0x5f5f63695f6c6173745f726567656e65726174657c693a313639313832373937303b),
('24p8mvdup3qmuqgcp97ksehjae63o0ug', '103.209.197.177', 1691827988, 0x5f5f63695f6c6173745f726567656e65726174657c693a313639313832373938363b7461726e646174617c613a353a7b733a373a227472616e5f6964223b733a31373a2253534c4336346437336631323032306137223b733a373a22757365725f6964223b733a313a2236223b733a31303a227061636b6167655f6964223b733a313a2231223b733a363a22616d6f756e74223b733a353a223330302e30223b733a383a2263757272656e6379223b733a333a22424454223b7d),
('pk4oea8d3o45j6ag3gjlhfttccej7vct', '103.26.139.87', 1691828013, 0x5f5f63695f6c6173745f726567656e65726174657c693a313639313832383031333b),
('gmkftj24ke252mk24okjvjmdop25am40', '103.209.197.177', 1691828020, 0x5f5f63695f6c6173745f726567656e65726174657c693a313639313832383031373b),
('c5k57fviq4ceamk7mho1viv6cspg7hr7', '103.96.107.86', 1691829534, 0x5f5f63695f6c6173745f726567656e65726174657c693a313639313832393533343b),
('619qsi487hr3ftahnf1gmurjm3djhpph', '103.96.107.86', 1691829541, 0x5f5f63695f6c6173745f726567656e65726174657c693a313639313832393534313b),
('cinggh6mbtc2qnes5b6di78f9vs53t6g', '103.96.107.86', 1691829561, 0x5f5f63695f6c6173745f726567656e65726174657c693a313639313832393535393b7461726e646174617c613a353a7b733a373a227472616e5f6964223b733a31373a2253534c4336346437343533373465396139223b733a373a22757365725f6964223b733a313a2239223b733a31303a227061636b6167655f6964223b733a313a2231223b733a363a22616d6f756e74223b733a353a223130302e30223b733a383a2263757272656e6379223b733a333a22424454223b7d),
('j4qd7aie9suamqm7vv8aeum4h5ho6b9m', '103.14.145.151', 1691829736, 0x5f5f63695f6c6173745f726567656e65726174657c693a313639313832393733363b),
('5j67381pstrj4hgg21n3294qq335rcrv', '103.14.145.151', 1691829749, 0x5f5f63695f6c6173745f726567656e65726174657c693a313639313832393734393b),
('2nrisoodegosdiev2fk5vafbv7s6n3cr', '103.14.145.151', 1691829764, 0x5f5f63695f6c6173745f726567656e65726174657c693a313639313832393736333b),
('4gsidhcicftpmr8utoatoiv81i60vlsk', '103.209.197.177', 1691832514, 0x5f5f63695f6c6173745f726567656e65726174657c693a313639313833323531343b),
('6vvq6915poe4pcsgsm39894q0knsrujo', '103.209.197.177', 1691832528, 0x5f5f63695f6c6173745f726567656e65726174657c693a313639313833323532383b),
('gj3hgsfhrbcctmr49dosdhcjn5ca9t0a', '103.209.197.177', 1691832544, 0x5f5f63695f6c6173745f726567656e65726174657c693a313639313833323534313b7461726e646174617c613a353a7b733a373a227472616e5f6964223b733a31373a2253534c4336346437353064646630306666223b733a373a22757365725f6964223b733a313a2236223b733a31303a227061636b6167655f6964223b733a313a2231223b733a363a22616d6f756e74223b733a353a223130302e30223b733a383a2263757272656e6379223b733a333a22424454223b7d),
('ikss6ne47inuo3g1ucfup0an70ilttdv', '103.26.139.87', 1691832572, 0x5f5f63695f6c6173745f726567656e65726174657c693a313639313833323537323b),
('3jd3luddn3fts4i7oapq9d85p64gm4ff', '103.209.197.177', 1691832578, 0x5f5f63695f6c6173745f726567656e65726174657c693a313639313833323537363b),
('euqs73l4ijsgo8j3qjtaofbpet20v2tk', '103.25.249.240', 1691833522, 0x5f5f63695f6c6173745f726567656e65726174657c693a313639313833333532323b),
('0ffjqgah6jks0kd0mc53g0urk7hk50pa', '103.25.249.240', 1691833529, 0x5f5f63695f6c6173745f726567656e65726174657c693a313639313833333532393b),
('ld7k8qngpo2pt6b1c17kbeb9d5o9kmvu', '103.25.249.240', 1691833546, 0x5f5f63695f6c6173745f726567656e65726174657c693a313639313833333534363b),
('dlh7rfp0cd62c3udu9ub022c0ctidav9', '14.116.152.84', 1691843893, 0x5f5f63695f6c6173745f726567656e65726174657c693a313639313834333839323b),
('cs1o8ejcprfbh5pto5neprrid16vhoqa', '14.116.152.103', 1691845366, 0x5f5f63695f6c6173745f726567656e65726174657c693a313639313834353336363b),
('i4io48vosq3nt58vbq93j8t0b35s355g', '35.171.144.152', 1691847256, 0x5f5f63695f6c6173745f726567656e65726174657c693a313639313834373235363b),
('nts19dgac1937cdhr22iph3ckski719b', '54.88.179.33', 1691847256, 0x5f5f63695f6c6173745f726567656e65726174657c693a313639313834373235363b),
('78fj0lmlb97rgapf8r9slcc6cr9t9t5n', '54.88.179.33', 1691847257, 0x5f5f63695f6c6173745f726567656e65726174657c693a313639313834373235373b),
('rlb05c1jiol0bq1ou1diqcbqj65vceef', '103.143.254.18', 1691861928, 0x5f5f63695f6c6173745f726567656e65726174657c693a313639313836313734303b),
('jroj7d76aq4vimt6iuqp14j4m461iff4', '37.111.201.76', 1691863550, 0x5f5f63695f6c6173745f726567656e65726174657c693a313639313836333535303b),
('shiqvgp3c9pha0bieqb5nsg4gq3vmbst', '37.111.201.76', 1691863550, 0x5f5f63695f6c6173745f726567656e65726174657c693a313639313836333535303b),
('k16mmgfpqqjmmuus0s6m9oppbrpop6e0', '45.248.151.3', 1691865624, 0x5f5f63695f6c6173745f726567656e65726174657c693a313639313836353632343b),
('ij40dqmghf9u320ld1cbtmernidf7146', '45.248.151.3', 1691865624, 0x5f5f63695f6c6173745f726567656e65726174657c693a313639313836353632343b),
('amio84o4qh3hto0sp78s4qkf6ln6qgg2', '45.251.228.39', 1691865633, 0x5f5f63695f6c6173745f726567656e65726174657c693a313639313836353633333b),
('m8lkq3vd6871o4l0uh5n99g7lt272bfp', '45.251.228.39', 1691865633, 0x5f5f63695f6c6173745f726567656e65726174657c693a313639313836353633333b);
INSERT INTO `ci_sessions` (`id`, `ip_address`, `timestamp`, `data`) VALUES
('1l2ku2o0e0t2m2lgqt20okiuvfn7vlqp', '103.209.197.177', 1691866404, 0x5f5f63695f6c6173745f726567656e65726174657c693a313639313836363430343b),
('9urv76rkn854c4qcu6k2vncnn1gh76ac', '14.116.184.240', 1691865907, 0x5f5f63695f6c6173745f726567656e65726174657c693a313639313836353930373b),
('jr1ihgglut16q4qghf03st2kbmtd0668', '103.209.197.177', 1691866181, 0x5f5f63695f6c6173745f726567656e65726174657c693a313639313836363138313b),
('qabboa4mfdgujrl8t6fn61ivn9crn0jj', '103.209.197.177', 1691866326, 0x5f5f63695f6c6173745f726567656e65726174657c693a313639313836363332353b),
('bakrrimm0ire35grooc0vbd6adb4li0p', '103.209.197.177', 1691866363, 0x5f5f63695f6c6173745f726567656e65726174657c693a313639313836363336333b),
('h3d63pt3v7oa1mdhf50rbsqdfq45sfcd', '103.209.197.177', 1691866374, 0x5f5f63695f6c6173745f726567656e65726174657c693a313639313836363337343b),
('q79joev20bpp8n60rl8lak3cj6ciamd6', '103.209.197.177', 1691867021, 0x5f5f63695f6c6173745f726567656e65726174657c693a313639313836373032313b6c6f67696e5f7374617475737c733a313a2231223b757365725f69647c733a313a2231223b6e616d657c733a393a2257656262646d656574223b656d61696c7c733a31393a2277656262646d65657440676d61696c2e636f6d223b61646d696e5f69735f6c6f67696e7c733a313a2231223b6c6f67696e5f747970657c733a353a2261646d696e223b6163746976655f6d656e757c733a323a223134223b),
('674gsnjfs1b09chr8opefegpbf0ios8q', '103.209.197.177', 1691866604, 0x5f5f63695f6c6173745f726567656e65726174657c693a313639313836363630343b),
('v6m392iqa41sdjp2jh62fb4d6al7qel4', '205.210.31.142', 1691866642, 0x5f5f63695f6c6173745f726567656e65726174657c693a313639313836363634323b),
('ggtafnneajlpt68d9o0kmrb90cujrgvd', '103.209.197.177', 1691866656, 0x5f5f63695f6c6173745f726567656e65726174657c693a313639313836363635363b),
('fl49hh8l1qhjs148ca45p98o0biql5n9', '103.209.197.177', 1691866683, 0x5f5f63695f6c6173745f726567656e65726174657c693a313639313836363638303b7461726e646174617c613a353a7b733a373a227472616e5f6964223b733a31373a2253534c4336346437643633386466313564223b733a373a22757365725f6964223b733a323a223132223b733a31303a227061636b6167655f6964223b733a313a2232223b733a363a22616d6f756e74223b733a343a2233302e30223b733a383a2263757272656e6379223b733a333a22424454223b7d),
('m939jef2a4m3nf7mfjepau5v47262g44', '103.26.139.87', 1691866799, 0x5f5f63695f6c6173745f726567656e65726174657c693a313639313836363739393b),
('66opru9l6msmm7ahhnfvmgheli62s4sk', '103.209.197.177', 1691866805, 0x5f5f63695f6c6173745f726567656e65726174657c693a313639313836363830323b),
('j4db1gu0vefmfvlq1sfjs0e3qgsoap0a', '103.209.197.177', 1691866874, 0x5f5f63695f6c6173745f726567656e65726174657c693a313639313836363837343b),
('sjait0jj659g8cs3glme79s5qeshrv5f', '103.209.197.177', 1691866875, 0x5f5f63695f6c6173745f726567656e65726174657c693a313639313836363837353b),
('r0l9hh6pk67sn0qi280vq0ef5h99224u', '223.247.179.42', 1691866904, 0x5f5f63695f6c6173745f726567656e65726174657c693a313639313836363930343b),
('0mde1b1l4jo73hnh7k27pntcha63c4nn', '103.209.197.177', 1691870241, 0x5f5f63695f6c6173745f726567656e65726174657c693a313639313837303234313b6c6f67696e5f7374617475737c733a313a2231223b757365725f69647c733a313a2231223b6e616d657c733a393a2257656262646d656574223b656d61696c7c733a31393a2277656262646d65657440676d61696c2e636f6d223b61646d696e5f69735f6c6f67696e7c733a313a2231223b6c6f67696e5f747970657c733a353a2261646d696e223b6163746976655f6d656e757c733a313a2232223b),
('4tacaqfcnfbpqcennf2t54j2jqqe0aa7', '202.173.122.4', 1691867026, 0x5f5f63695f6c6173745f726567656e65726174657c693a313639313836373032343b),
('ekavbv1bil3n7a87m0hec6d0fl1b8maa', '103.209.197.177', 1691867344, 0x5f5f63695f6c6173745f726567656e65726174657c693a313639313836373334343b),
('rjg9cgokgqbaj2kesrqglvqleqp7ieur', '103.209.197.177', 1691867345, 0x5f5f63695f6c6173745f726567656e65726174657c693a313639313836373334353b),
('fut862m6lon4alkkgems3uvlfvcb0su4', '209.126.84.115', 1691867556, 0x5f5f63695f6c6173745f726567656e65726174657c693a313639313836373535363b),
('p9cse93r23sj4pmfr0ecmltdsjqafgsd', '103.209.197.177', 1691867642, 0x5f5f63695f6c6173745f726567656e65726174657c693a313639313836373634313b),
('qmqj3v1chct2eovpds1euj6vmpkekkp4', '103.14.145.151', 1691867694, 0x5f5f63695f6c6173745f726567656e65726174657c693a313639313836373639343b),
('malq9h08tl7968gj3lcnsqtpjadf2und', '103.14.145.151', 1691867723, 0x5f5f63695f6c6173745f726567656e65726174657c693a313639313836373732333b),
('hcrrtoo7lfem6f3u7stjpo7ah9oi6oup', '103.14.145.151', 1691867760, 0x5f5f63695f6c6173745f726567656e65726174657c693a313639313836373736303b),
('1avheb07nga59529gm2ftsgqg1sunp39', '103.14.145.151', 1691867762, 0x5f5f63695f6c6173745f726567656e65726174657c693a313639313836373736323b),
('1gqkornrgipch3d95mn0pd5bvb8af60m', '103.14.145.151', 1691867859, 0x5f5f63695f6c6173745f726567656e65726174657c693a313639313836373835393b),
('00iblg73qc6mn7n4faaon8123heoat9u', '103.14.145.151', 1691867860, 0x5f5f63695f6c6173745f726567656e65726174657c693a313639313836373836303b),
('966efru5sicpt887fqhc82b4eek931k0', '103.209.197.177', 1691867882, 0x5f5f63695f6c6173745f726567656e65726174657c693a313639313836373838323b),
('ukdllrd7qg8ghvtspgbf5qgum63v9j75', '103.209.197.177', 1691867892, 0x5f5f63695f6c6173745f726567656e65726174657c693a313639313836373839323b),
('jj7epe07efttn24ibp3827859h0djdj4', '103.209.197.177', 1691867938, 0x5f5f63695f6c6173745f726567656e65726174657c693a313639313836373933383b),
('dcq0g51669v1ah0o1ots49n9ju0bhop4', '103.14.145.151', 1691868039, 0x5f5f63695f6c6173745f726567656e65726174657c693a313639313836383033393b),
('akna161g4otd72b2smejbqbti97si4s7', '103.14.145.151', 1691868040, 0x5f5f63695f6c6173745f726567656e65726174657c693a313639313836383034303b),
('68bgrta3t4oci5oq3fq0hk6ek8sqk0mr', '103.14.145.151', 1691868088, 0x5f5f63695f6c6173745f726567656e65726174657c693a313639313836383038383b),
('nv3u40hjqjgtsct50ivkqtmsj8qsacne', '103.14.145.151', 1691868089, 0x5f5f63695f6c6173745f726567656e65726174657c693a313639313836383038393b),
('19tqtuoaq1ob07g0g9cpfoplmnmbothq', '103.209.197.177', 1691868219, 0x5f5f63695f6c6173745f726567656e65726174657c693a313639313836383231393b),
('miqudei10corc1nr6136u730p9n8fc56', '103.209.197.177', 1691868580, 0x5f5f63695f6c6173745f726567656e65726174657c693a313639313836383538303b6c6f67696e5f7374617475737c733a313a2231223b757365725f69647c733a313a2231223b6e616d657c733a393a2257656262646d656574223b656d61696c7c733a31393a2277656262646d65657440676d61696c2e636f6d223b61646d696e5f69735f6c6f67696e7c733a313a2231223b6c6f67696e5f747970657c733a353a2261646d696e223b6163746976655f6d656e757c733a313a2232223b),
('kil8r45tn2atl46bok55ft9hvmo1fa2a', '103.209.197.177', 1691868690, 0x5f5f63695f6c6173745f726567656e65726174657c693a313639313836383639303b),
('1lvk423sb5i6kmstd052dg1cn7p5jht7', '103.14.145.151', 1691868702, 0x5f5f63695f6c6173745f726567656e65726174657c693a313639313836383730323b),
('k9sjnr2e5ao2kn27djmcpf55vn486tn8', '103.14.145.151', 1691868725, 0x5f5f63695f6c6173745f726567656e65726174657c693a313639313836383732353b),
('8grjln5b7qla6ub7cb2gahs37nhfvj7u', '103.209.197.177', 1691869515, 0x5f5f63695f6c6173745f726567656e65726174657c693a313639313836393531353b),
('o1hpogq61h2h4s4l0so2klqtah5ab54q', '137.226.113.15', 1691869400, 0x5f5f63695f6c6173745f726567656e65726174657c693a313639313836393430303b),
('tkiu85j0kqjtn69smts2jmujs5jcm0ba', '137.226.113.15', 1691869400, 0x5f5f63695f6c6173745f726567656e65726174657c693a313639313836393430303b),
('si34s6l54m4bkit904500q5sb9fht84k', '137.226.113.15', 1691869400, 0x5f5f63695f6c6173745f726567656e65726174657c693a313639313836393430303b),
('a4ijmadqh28hlcc1o9af08ip96dieeco', '137.226.113.15', 1691869405, 0x5f5f63695f6c6173745f726567656e65726174657c693a313639313836393430353b),
('qb77n4ckg8bb1hh30uhgddbtj14p8a5s', '103.209.197.177', 1691869838, 0x5f5f63695f6c6173745f726567656e65726174657c693a313639313836393833383b),
('8g5f2fnjm6rdlekfaa9ai4c138r15kj4', '103.209.197.177', 1691869855, 0x5f5f63695f6c6173745f726567656e65726174657c693a313639313836393833383b),
('hfbjd3jbuv3qi0hoj4vfe8cpqcrv61t0', '103.209.197.177', 1691870179, 0x5f5f63695f6c6173745f726567656e65726174657c693a313639313837303137393b),
('nhiiseh3juu0jkc292ug0gihj7f4lpjo', '103.209.197.177', 1691870218, 0x5f5f63695f6c6173745f726567656e65726174657c693a313639313837303231383b),
('5ol575nibqqvvgcc6aoijal10d5ut1hk', '103.209.197.177', 1691870962, 0x5f5f63695f6c6173745f726567656e65726174657c693a313639313837303936323b6c6f67696e5f7374617475737c733a313a2231223b757365725f69647c733a313a2231223b6e616d657c733a393a2257656262646d656574223b656d61696c7c733a31393a2277656262646d65657440676d61696c2e636f6d223b61646d696e5f69735f6c6f67696e7c733a313a2231223b6c6f67696e5f747970657c733a353a2261646d696e223b6163746976655f6d656e757c733a313a2235223b),
('ssngmp5bstj64s3r30t4o5j4d7jhbuac', '103.209.197.177', 1691870514, 0x5f5f63695f6c6173745f726567656e65726174657c693a313639313837303531343b),
('d2gkeorqb0f6nruljouui1g4qju1jhi7', '103.209.197.177', 1691871312, 0x5f5f63695f6c6173745f726567656e65726174657c693a313639313837313331323b6c6f67696e5f7374617475737c733a313a2231223b757365725f69647c733a313a2231223b6e616d657c733a393a2257656262646d656574223b656d61696c7c733a31393a2277656262646d65657440676d61696c2e636f6d223b61646d696e5f69735f6c6f67696e7c733a313a2231223b6c6f67696e5f747970657c733a353a2261646d696e223b6163746976655f6d656e757c733a323a223135223b),
('f9app5uj9mg27aqoba9gil74bf5msiut', '103.15.42.200', 1691870971, 0x5f5f63695f6c6173745f726567656e65726174657c693a313639313837303936393b),
('ptisfs821akdhntbeiikocjbc7tiiof8', '65.154.226.169', 1691871181, 0x5f5f63695f6c6173745f726567656e65726174657c693a313639313837313138313b),
('28qd0lkkiuqh2lih9tv1c7ospmdptrb3', '65.154.226.170', 1691871194, 0x5f5f63695f6c6173745f726567656e65726174657c693a313639313837313139343b),
('fmusnhrg4gk81rb5k8cjdjoqp75np5gh', '103.209.197.177', 1691872428, 0x5f5f63695f6c6173745f726567656e65726174657c693a313639313837323432383b6c6f67696e5f7374617475737c733a313a2231223b757365725f69647c733a313a2231223b6e616d657c733a393a2257656262646d656574223b656d61696c7c733a31393a2277656262646d65657440676d61696c2e636f6d223b61646d696e5f69735f6c6f67696e7c733a313a2231223b6c6f67696e5f747970657c733a353a2261646d696e223b6163746976655f6d656e757c733a323a223135223b),
('r60dsm3v9fas1ccr47hskrhp002f6pcq', '103.209.197.177', 1691871368, 0x5f5f63695f6c6173745f726567656e65726174657c693a313639313837313336383b),
('g1r8iqj2mfs76ntcc8ifhrlkgeg5pdju', '103.209.197.177', 1691871372, 0x5f5f63695f6c6173745f726567656e65726174657c693a313639313837313337323b),
('d8fc7blk93ua6nhh73pdpa399do51h52', '103.209.197.177', 1691871393, 0x5f5f63695f6c6173745f726567656e65726174657c693a313639313837313339303b7461726e646174617c613a353a7b733a373a227472616e5f6964223b733a31373a2253534c4336346437653839656335626663223b733a373a22757365725f6964223b733a323a223132223b733a31303a227061636b6167655f6964223b733a313a2232223b733a363a22616d6f756e74223b733a343a2232302e30223b733a383a2263757272656e6379223b733a333a22424454223b7d),
('0cek0bfhqa7sqvine9hscog2utpk7khf', '103.26.139.87', 1691871419, 0x5f5f63695f6c6173745f726567656e65726174657c693a313639313837313431393b),
('gnmo507b6233aebggaehha0mva6625i0', '103.209.197.177', 1691871578, 0x5f5f63695f6c6173745f726567656e65726174657c693a313639313837313537353b7461726e646174617c613a353a7b733a373a227472616e5f6964223b733a31373a2253534c4336346437653935376163383462223b733a373a22757365725f6964223b733a323a223132223b733a31303a227061636b6167655f6964223b733a313a2232223b733a363a22616d6f756e74223b733a343a2232302e30223b733a383a2263757272656e6379223b733a333a22424454223b7d),
('e6hu4hlphtb90tne9cv9r7u7f6ff0dse', '103.26.139.87', 1691871599, 0x5f5f63695f6c6173745f726567656e65726174657c693a313639313837313539393b),
('8rpgesl0ia5tmket192mmk0bro2eu4uh', '103.209.197.177', 1691872495, 0x5f5f63695f6c6173745f726567656e65726174657c693a313639313837323432383b6c6f67696e5f7374617475737c733a313a2231223b757365725f69647c733a313a2231223b6e616d657c733a393a2257656262646d656574223b656d61696c7c733a31393a2277656262646d65657440676d61696c2e636f6d223b61646d696e5f69735f6c6f67696e7c733a313a2231223b6c6f67696e5f747970657c733a353a2261646d696e223b6163746976655f6d656e757c733a313a2235223b),
('pn60o1plpsk4fbe5uvn9foebgjml5b6e', '194.116.173.109', 1691881389, 0x5f5f63695f6c6173745f726567656e65726174657c693a313639313838313338393b),
('ffrjf8rkl65dhtvitu524iud5oj0ld8q', '51.222.253.20', 1691884249, 0x5f5f63695f6c6173745f726567656e65726174657c693a313639313838343234393b),
('9tk0at9ptks47hd69t4eqn3tjsj9tf5q', '51.222.253.1', 1691884250, 0x5f5f63695f6c6173745f726567656e65726174657c693a313639313838343235303b),
('nnalr3mpcr3k7k6ajhepk39n6re297i5', '103.25.249.240', 1691891472, 0x5f5f63695f6c6173745f726567656e65726174657c693a313639313839313437323b),
('jls8l78ksjhj85dlsqb1lce3dh2l6s3e', '103.25.249.240', 1691891516, 0x5f5f63695f6c6173745f726567656e65726174657c693a313639313839313530303b),
('15uhtlmj6gqtm04vumd8q86stg5p6jaq', '147.78.47.249', 1691894112, 0x5f5f63695f6c6173745f726567656e65726174657c693a313639313839343131323b),
('ivq8meskbsn6vmp277o0aglidch557vo', '147.78.47.249', 1691894115, 0x5f5f63695f6c6173745f726567656e65726174657c693a313639313839343131353b),
('7ta72pfvqpu3ol18225u7uqqq0qrf1nm', '147.78.47.249', 1691894118, 0x5f5f63695f6c6173745f726567656e65726174657c693a313639313839343131383b),
('0lgbb6m3okdiakbnm92n3drgelit04ev', '113.142.141.105', 1691895096, 0x5f5f63695f6c6173745f726567656e65726174657c693a313639313839353039363b),
('nfdqol44o2tpba936hhdurauns0779ph', '51.222.253.17', 1691896520, 0x5f5f63695f6c6173745f726567656e65726174657c693a313639313839363532303b),
('50c5u715ihlpad6fi2ogh1vjkbkj9rqo', '14.29.176.211', 1691896612, 0x5f5f63695f6c6173745f726567656e65726174657c693a313639313839363631323b),
('u5u75i714uct3cl85lv18oui93bmtfbg', '51.222.253.16', 1691903102, 0x5f5f63695f6c6173745f726567656e65726174657c693a313639313930333130323b),
('e3ukdrvgv0fndcuu81nhcaeq4lfebkkp', '113.125.51.198', 1691908665, 0x5f5f63695f6c6173745f726567656e65726174657c693a313639313930383636353b),
('6qtqc7ipssqecge930gij31mr8fato32', '14.29.231.137', 1691909858, 0x5f5f63695f6c6173745f726567656e65726174657c693a313639313930393835383b),
('1ghnthe2ull4o47fifa402cim2q9tm68', '65.154.226.166', 1691910464, 0x5f5f63695f6c6173745f726567656e65726174657c693a313639313931303436343b),
('b799tstrtg1qor12674n8s0e3vtb7m49', '65.154.226.167', 1691911312, 0x5f5f63695f6c6173745f726567656e65726174657c693a313639313931313331323b),
('08nlt3psos9blgkh7r84g7go4thuq07b', '174.138.76.97', 1691916420, 0x5f5f63695f6c6173745f726567656e65726174657c693a313639313931363432303b),
('4ccda6nl9fgtrqkghoth2vl7ag8mbjb6', '103.209.197.177', 1691918968, 0x5f5f63695f6c6173745f726567656e65726174657c693a313639313931383936383b),
('0n2ls2j1ik6mg2n1elana6drt4nun606', '103.209.197.177', 1691918983, 0x5f5f63695f6c6173745f726567656e65726174657c693a313639313931383938333b),
('9vvnuecig7ro50hf8h6s25n390tcubm6', '66.249.79.133', 1691920680, 0x5f5f63695f6c6173745f726567656e65726174657c693a313639313932303638303b),
('q4eavl21955dhmsu5ntnmhqbbh9lhe07', '66.249.79.132', 1691920681, 0x5f5f63695f6c6173745f726567656e65726174657c693a313639313932303638313b),
('s316eijan5onkjdedm5lrsc8afsljlvs', '176.67.82.4', 1691928862, 0x5f5f63695f6c6173745f726567656e65726174657c693a313639313932383836323b),
('tlalqkdgbk3es08juoa9pouop3v4uhks', '76.72.175.163', 1691928862, 0x5f5f63695f6c6173745f726567656e65726174657c693a313639313932383836323b),
('vleqguslo9ucch4ig161oer3nfkja042', '31.6.10.125', 1691928862, 0x5f5f63695f6c6173745f726567656e65726174657c693a313639313932383836323b),
('l7mr6nvnpgoai9u2t8m38tkdhqkh6nis', '51.75.141.254', 1691928862, 0x5f5f63695f6c6173745f726567656e65726174657c693a313639313932383836323b),
('vcqlhi832siisur52v3872lu6mmft4av', '216.131.116.87', 1691928863, 0x5f5f63695f6c6173745f726567656e65726174657c693a313639313932383836323b),
('6mcjgqct6dr4icpopvnknngcko9mu2vl', '128.90.104.177', 1691928863, 0x5f5f63695f6c6173745f726567656e65726174657c693a313639313932383836333b),
('14ct4797r4s8s4c4bdsu54d5p3ibd1hc', '104.255.169.111', 1691928863, 0x5f5f63695f6c6173745f726567656e65726174657c693a313639313932383836333b),
('qah2dahlktpgi1rklr084289v4htmodo', '165.231.253.220', 1691928863, 0x5f5f63695f6c6173745f726567656e65726174657c693a313639313932383836333b),
('3t1bj8du7qe4j9tknqjkpjricrs3p3f0', '216.131.88.5', 1691928867, 0x5f5f63695f6c6173745f726567656e65726174657c693a313639313932383836373b),
('p1pi68jnodk6ouk1fmah3lm7kv69e9o9', '165.231.253.220', 1691928867, 0x5f5f63695f6c6173745f726567656e65726174657c693a313639313932383836373b),
('1sedfb6e580p92vncgtdrpnjbj21h4co', '82.102.31.44', 1691928925, 0x5f5f63695f6c6173745f726567656e65726174657c693a313639313932383932353b),
('0c9ivbep04rnc9cblqpb94pbrimlmsua', '45.87.212.86', 1691928925, 0x5f5f63695f6c6173745f726567656e65726174657c693a313639313932383932353b),
('svrt48mp2nskuuns2cslrv11bdd8ohqj', '176.67.82.4', 1691928925, 0x5f5f63695f6c6173745f726567656e65726174657c693a313639313932383932353b),
('f6tu6bh9gtfvrl4t34mcf2qp8i5117p5', '68.183.245.101', 1691928926, 0x5f5f63695f6c6173745f726567656e65726174657c693a313639313932383932363b),
('c9ifoec1ufigdtq9fe7mkka9cffa911o', '197.242.156.69', 1691928927, 0x5f5f63695f6c6173745f726567656e65726174657c693a313639313932383932373b),
('s2goqhfdtdnuiivr1i6psi1ldvjrsh3c', '223.247.179.42', 1691929745, 0x5f5f63695f6c6173745f726567656e65726174657c693a313639313932393734353b),
('q05ags3qcgogf06escdg3duns7emfkvr', '14.116.150.68', 1691931238, 0x5f5f63695f6c6173745f726567656e65726174657c693a313639313933313233383b),
('p36sdqdpctlooqk8ag6qlpe9l5f6psgh', '103.66.229.7', 1691931252, 0x5f5f63695f6c6173745f726567656e65726174657c693a313639313933313235323b),
('32kgriao4kq55tvdn56mnc52b1d1g4oj', '103.66.229.7', 1691932375, 0x5f5f63695f6c6173745f726567656e65726174657c693a313639313933323337353b),
('jukh4pfl5om1s51u325kjbv2fvgm07eo', '103.66.229.7', 1691932471, 0x5f5f63695f6c6173745f726567656e65726174657c693a313639313933323437313b),
('evaqhgs42bghkebc2e1c49jq9agraspj', '103.66.229.7', 1691932729, 0x5f5f63695f6c6173745f726567656e65726174657c693a313639313933323732393b),
('t5f4dpjaj5h2pndfst985v4r24oknd9r', '103.66.229.7', 1691934189, 0x5f5f63695f6c6173745f726567656e65726174657c693a313639313933343138393b),
('l04cq9acg3l4iiam9u863vqoqn8o8j5i', '103.66.229.7', 1691934216, 0x5f5f63695f6c6173745f726567656e65726174657c693a313639313933343231363b),
('52qsc522ju51u1jdo2sahc53p9qkcgt0', '103.66.229.7', 1691934261, 0x5f5f63695f6c6173745f726567656e65726174657c693a313639313933343236313b),
('qjq12fegjega98p6hnpdh6gd6nb2hnuo', '103.66.229.7', 1691934375, 0x5f5f63695f6c6173745f726567656e65726174657c693a313639313933343337353b),
('25d53akj8n5cemd05f5kalrir8s0089f', '103.66.229.7', 1691934767, 0x5f5f63695f6c6173745f726567656e65726174657c693a313639313933343736373b),
('dslo85qi32r7ladegjjb3jdu5hd82i2t', '103.66.229.7', 1691934803, 0x5f5f63695f6c6173745f726567656e65726174657c693a313639313933343830333b),
('7pg3bidstem19b03jkpdsf0ip3ta52p5', '103.14.145.151', 1691949015, 0x5f5f63695f6c6173745f726567656e65726174657c693a313639313934393031353b),
('jn18q9hob72h6s364i2h1at1fntjl765', '103.209.197.177', 1691949426, 0x5f5f63695f6c6173745f726567656e65726174657c693a313639313934393432363b6c6f67696e5f7374617475737c733a313a2231223b757365725f69647c733a313a2231223b6e616d657c733a393a2257656262646d656574223b656d61696c7c733a31393a2277656262646d65657440676d61696c2e636f6d223b61646d696e5f69735f6c6f67696e7c733a313a2231223b6c6f67696e5f747970657c733a353a2261646d696e223b6163746976655f6d656e757c733a323a223134223b),
('0r8ekverf4mr1s46o1cbcv15n7gesint', '103.209.197.177', 1691949411, 0x5f5f63695f6c6173745f726567656e65726174657c693a313639313934393431313b),
('0b745vmdda5llqbsbbtfrl21vkssl7nj', '103.209.197.177', 1691949427, 0x5f5f63695f6c6173745f726567656e65726174657c693a313639313934393432363b6c6f67696e5f7374617475737c733a313a2231223b757365725f69647c733a313a2231223b6e616d657c733a393a2257656262646d656574223b656d61696c7c733a31393a2277656262646d65657440676d61696c2e636f6d223b61646d696e5f69735f6c6f67696e7c733a313a2231223b6c6f67696e5f747970657c733a353a2261646d696e223b6163746976655f6d656e757c733a323a223134223b),
('9f4gfneejn3cnr9aobgg58ep1eb77h0q', '103.209.197.177', 1691949470, 0x5f5f63695f6c6173745f726567656e65726174657c693a313639313934393437303b),
('vtv7kqmd6fqompcrt4ulhrv9gfhakq37', '103.209.197.177', 1691949480, 0x5f5f63695f6c6173745f726567656e65726174657c693a313639313934393438303b),
('d41k76j1q0bb01f22u5nuk53nkttndri', '103.209.197.177', 1691949574, 0x5f5f63695f6c6173745f726567656e65726174657c693a313639313934393537343b),
('0fv50pb77kkh0fh9oogasqttc3fkdvoi', '103.209.197.177', 1691949576, 0x5f5f63695f6c6173745f726567656e65726174657c693a313639313934393537363b),
('rufai8gijbrd8e7e9vp53c6430m43pko', '103.209.197.177', 1691949636, 0x5f5f63695f6c6173745f726567656e65726174657c693a313639313934393633363b),
('41ecn4mfr68pmllggc7vnar21jnbs7c5', '103.209.197.177', 1691949637, 0x5f5f63695f6c6173745f726567656e65726174657c693a313639313934393633373b),
('9qanfl1s82tkjesaa3i8v623dbon3vqo', '103.14.145.151', 1691949772, 0x5f5f63695f6c6173745f726567656e65726174657c693a313639313934393737323b),
('7kqo7vme5m77bhc32doc5e317umhdut4', '103.14.145.151', 1691949783, 0x5f5f63695f6c6173745f726567656e65726174657c693a313639313934393738333b),
('id5v7en1dilmd55ba2ak3u3m07ld0i1k', '103.14.145.151', 1691949787, 0x5f5f63695f6c6173745f726567656e65726174657c693a313639313934393738373b),
('v2dvgkn7358mi6frsocfrgic36ss25k5', '103.14.145.151', 1691949927, 0x5f5f63695f6c6173745f726567656e65726174657c693a313639313934393932373b),
('it9hvk7vsvia5etrkkvssmtptu6coeji', '103.14.145.151', 1691949965, 0x5f5f63695f6c6173745f726567656e65726174657c693a313639313934393936353b),
('5qpb9euogokl8oueq1su7tm7ese5kgh3', '103.14.145.151', 1691950130, 0x5f5f63695f6c6173745f726567656e65726174657c693a313639313935303133303b),
('7ms4t656bid02hdftrmgh58ehkpddg42', '103.14.145.151', 1691950136, 0x5f5f63695f6c6173745f726567656e65726174657c693a313639313935303133363b),
('duhhrjp5s2k9eq2f46dj5k4b1lq2e7is', '103.14.145.151', 1691950429, 0x5f5f63695f6c6173745f726567656e65726174657c693a313639313935303432393b),
('jpi8iiu485trjlulr6dc2308gletv0c6', '113.125.51.198', 1691951667, 0x5f5f63695f6c6173745f726567656e65726174657c693a313639313935313636373b),
('lesdi0cml1d0nja7fu94qh93qnq6bo15', '113.125.51.198', 1691953210, 0x5f5f63695f6c6173745f726567656e65726174657c693a313639313935333231303b),
('2k90thkrt4gc9qhsodaa839nfnvul4qj', '164.92.223.24', 1691957111, 0x5f5f63695f6c6173745f726567656e65726174657c693a313639313935373131313b),
('fvpf51hoqttjagg0q4n842obgs0ftfm9', '164.92.223.24', 1691957111, 0x5f5f63695f6c6173745f726567656e65726174657c693a313639313935373131313b),
('rb8uel07kpgikoqmbduf1fn8u3tqdu5s', '66.249.83.85', 1691958911, 0x5f5f63695f6c6173745f726567656e65726174657c693a313639313935383931313b),
('8f7p1k2rfbtl8nd7eutv2i1o0v8pt50j', '74.125.215.71', 1691958911, 0x5f5f63695f6c6173745f726567656e65726174657c693a313639313935383931313b),
('jivbpg1pc0mj5fbd92f7v0anipqhu3n0', '66.249.84.196', 1691958911, 0x5f5f63695f6c6173745f726567656e65726174657c693a313639313935383931313b),
('32dge327h87mg1mpppnoftgfqifjnsqm', '66.249.83.85', 1691958911, 0x5f5f63695f6c6173745f726567656e65726174657c693a313639313935383931313b),
('k2pj5u1gi3dj0s7ci1t751f7dsv404u9', '66.249.84.197', 1691958911, 0x5f5f63695f6c6173745f726567656e65726174657c693a313639313935383931313b),
('2ks7c6358ej280o7dvn6mq7ciso1sh97', '66.249.83.86', 1691958912, 0x5f5f63695f6c6173745f726567656e65726174657c693a313639313935383931323b),
('33ao6emsiog79j9is2hbv23s81n14cn8', '66.249.84.197', 1691958912, 0x5f5f63695f6c6173745f726567656e65726174657c693a313639313935383931323b),
('d7dln5vm92prulln7l3tmrd6jtm58m88', '66.102.8.232', 1691958912, 0x5f5f63695f6c6173745f726567656e65726174657c693a313639313935383931323b),
('6stcftn8fbkm66bjqacup5360d8prc38', '66.249.83.86', 1691958912, 0x5f5f63695f6c6173745f726567656e65726174657c693a313639313935383931323b),
('fjb3jc9b761sjkm2289p3noba6ph3jtk', '66.102.8.233', 1691958913, 0x5f5f63695f6c6173745f726567656e65726174657c693a313639313935383931333b),
('ik2eukfn27bup0e9ropk6a62lhseede9', '61.86.203.196', 1691959234, 0x5f5f63695f6c6173745f726567656e65726174657c693a313639313935393233343b),
('5hcp8q5lf7845114jd0pnbfm0q1jhm6g', '66.96.226.197', 1691959234, 0x5f5f63695f6c6173745f726567656e65726174657c693a313639313935393233343b),
('ejk4on1otg1d6ki45sfprece13chgnb6', '54.36.148.245', 1691967160, 0x5f5f63695f6c6173745f726567656e65726174657c693a313639313936373136303b),
('03q77h1mbvi9jhe14gg2j7rnpctncod1', '51.222.253.16', 1691967161, 0x5f5f63695f6c6173745f726567656e65726174657c693a313639313936373136313b),
('odm55gul24nr7r62erjbluge7hn1ij1h', '35.166.13.14', 1691967695, 0x5f5f63695f6c6173745f726567656e65726174657c693a313639313936373639353b),
('dchf7plp85bcmudc0egofr8ecctj2tks', '114.107.225.150', 1691980876, 0x5f5f63695f6c6173745f726567656e65726174657c693a313639313938303837363b),
('lphh982n07e8ld8dh73mm5s43dfuaj8h', '14.116.185.229', 1691982252, 0x5f5f63695f6c6173745f726567656e65726174657c693a313639313938323235323b),
('u6roed0iqd75cpimkdr9g59bqedj4rjh', '103.152.237.94', 1691993104, 0x5f5f63695f6c6173745f726567656e65726174657c693a313639313939333130333b),
('j3hjrvggoqa2bn1e1kb2cp4c5iksjuti', '103.152.237.94', 1691993112, 0x5f5f63695f6c6173745f726567656e65726174657c693a313639313939333131323b),
('6fuuh0mk7cvhdfr480gtnk5ckvvvam16', '223.240.99.104', 1691994484, 0x5f5f63695f6c6173745f726567656e65726174657c693a313639313939343438343b),
('u2smpr7sojmgsetkettl0m6vm3dthono', '113.108.9.38', 1691996047, 0x5f5f63695f6c6173745f726567656e65726174657c693a313639313939363034373b),
('7trcn8qai9oid72js9f4bbi83f1buu3r', '103.14.145.151', 1692004410, 0x5f5f63695f6c6173745f726567656e65726174657c693a313639323030343431303b),
('cfi6nqa4e4oh6gp9hgie06l831hm5m9c', '103.209.197.177', 1692004699, 0x5f5f63695f6c6173745f726567656e65726174657c693a313639323030343639393b),
('kiciv4ndvlleh3b51gc5c93u1tpvf1p1', '103.209.197.177', 1692004719, 0x5f5f63695f6c6173745f726567656e65726174657c693a313639323030343731393b),
('ivaqjdqsuauvjckl56nf14o9gl3j5vpd', '103.209.197.177', 1692006143, 0x5f5f63695f6c6173745f726567656e65726174657c693a313639323030363134333b6c6f67696e5f7374617475737c733a313a2231223b757365725f69647c733a313a2231223b6e616d657c733a393a2257656262646d656574223b656d61696c7c733a31393a2277656262646d65657440676d61696c2e636f6d223b61646d696e5f69735f6c6f67696e7c733a313a2231223b6c6f67696e5f747970657c733a353a2261646d696e223b6163746976655f6d656e757c733a313a2231223b),
('qc7al47ujc6hg1r4gd6kdhodmeskimfe', '103.209.197.177', 1692004931, 0x5f5f63695f6c6173745f726567656e65726174657c693a313639323030343933313b),
('3ld08398t3tndmqfs1v8f2a9qo16j03m', '103.209.197.177', 1692004935, 0x5f5f63695f6c6173745f726567656e65726174657c693a313639323030343933353b),
('fu3mth661v7d88jd9ui8oa6fj633ub0t', '103.209.197.177', 1692005003, 0x5f5f63695f6c6173745f726567656e65726174657c693a313639323030353030333b),
('3sfkp2ksgibsof13r5794brtjq78hu8m', '103.209.197.177', 1692005035, 0x5f5f63695f6c6173745f726567656e65726174657c693a313639323030353033353b),
('j21qaqcvgre0vneg75s68s7fmmhb66to', '103.209.197.177', 1692005036, 0x5f5f63695f6c6173745f726567656e65726174657c693a313639323030353033363b),
('ao19fsmcsmo2itq9654jkeakrvv5hk4h', '45.248.151.3', 1692005835, 0x5f5f63695f6c6173745f726567656e65726174657c693a313639323030353833353b6c6f67696e5f7374617475737c733a313a2231223b757365725f69647c733a313a2231223b6e616d657c733a393a2257656262646d656574223b656d61696c7c733a31393a2277656262646d65657440676d61696c2e636f6d223b61646d696e5f69735f6c6f67696e7c733a313a2231223b6c6f67696e5f747970657c733a353a2261646d696e223b6163746976655f6d656e757c733a313a2234223b),
('3kgvsipicupfgmobu77k8mjm5lv6unlg', '202.173.122.5', 1692005143, 0x5f5f63695f6c6173745f726567656e65726174657c693a313639323030353134303b6572726f727c733a303a22223b5f5f63695f766172737c613a313a7b733a353a226572726f72223b733a333a226f6c64223b7d),
('vobnh38q3i7u87tnho8cl8dkm2jlsgtn', '202.134.8.130', 1692005191, 0x5f5f63695f6c6173745f726567656e65726174657c693a313639323030353139313b),
('6uk0gmmi8qmqihon8ljn8hkaa90a163i', '202.134.8.130', 1692005192, 0x5f5f63695f6c6173745f726567656e65726174657c693a313639323030353139323b),
('pj1i5cbrpg9gjugfgbanp736o0rm2tev', '103.209.197.177', 1692005265, 0x5f5f63695f6c6173745f726567656e65726174657c693a313639323030353236353b),
('drq713jeikjdfvd8jbo82q3n3ksg48lc', '103.209.197.177', 1692005343, 0x5f5f63695f6c6173745f726567656e65726174657c693a313639323030353334333b),
('4ci49vie8bspd079p9emhtd9ojb8mhj8', '103.209.197.177', 1692005364, 0x5f5f63695f6c6173745f726567656e65726174657c693a313639323030353336343b),
('fa00q2ht2c9aeaopl754c9fhfj0fpo25', '103.209.197.177', 1692005374, 0x5f5f63695f6c6173745f726567656e65726174657c693a313639323030353337343b),
('vlhl23n899hvl0np8k81h01jja75kjn3', '103.209.197.177', 1692005387, 0x5f5f63695f6c6173745f726567656e65726174657c693a313639323030353338373b),
('nepi2jfbqt3nu2n5p228k92grbeug8vp', '103.209.197.177', 1692005417, 0x5f5f63695f6c6173745f726567656e65726174657c693a313639323030353431373b),
('69puviaep377jlrdpsagit3igul17dum', '103.209.197.177', 1692005439, 0x5f5f63695f6c6173745f726567656e65726174657c693a313639323030353433393b),
('kg63kshqr41fvfuo54m4qa2vpa6fmb86', '103.209.197.177', 1692005477, 0x5f5f63695f6c6173745f726567656e65726174657c693a313639323030353437373b),
('7b97la3sd5fqfgrrncqsqr88j64l7530', '103.209.197.177', 1692005501, 0x5f5f63695f6c6173745f726567656e65726174657c693a313639323030353530313b),
('6idus84lo9ndkfta55m4utbvmerk1v3o', '103.209.197.177', 1692005615, 0x5f5f63695f6c6173745f726567656e65726174657c693a313639323030353631353b),
('ai6kjsct2lbidcepu5ud5rokf7na1t5i', '103.209.197.177', 1692005649, 0x5f5f63695f6c6173745f726567656e65726174657c693a313639323030353634393b),
('a6ii20m8p246l5qju3t0kosokejuj58e', '45.248.151.3', 1692006783, 0x5f5f63695f6c6173745f726567656e65726174657c693a313639323030363738333b6c6f67696e5f7374617475737c733a313a2231223b757365725f69647c733a313a2231223b6e616d657c733a393a2257656262646d656574223b656d61696c7c733a31393a2277656262646d65657440676d61696c2e636f6d223b61646d696e5f69735f6c6f67696e7c733a313a2231223b6c6f67696e5f747970657c733a353a2261646d696e223b6163746976655f6d656e757c733a313a2233223b),
('c0ppllhudkfkr29m0pdq212brrt5v2ca', '103.209.197.177', 1692005994, 0x5f5f63695f6c6173745f726567656e65726174657c693a313639323030353939343b),
('3prl3bd857k7q66qrjfr9o51v0bkl0m6', '103.209.197.177', 1692005995, 0x5f5f63695f6c6173745f726567656e65726174657c693a313639323030353939353b),
('me9ih6fshf830uv7qcje66vlrk1m5v7v', '103.209.197.177', 1692006113, 0x5f5f63695f6c6173745f726567656e65726174657c693a313639323030363131333b),
('aq7ie63nufr6ef0tu61isnmqum6rc94a', '103.209.197.177', 1692006537, 0x5f5f63695f6c6173745f726567656e65726174657c693a313639323030363533373b6c6f67696e5f7374617475737c733a313a2231223b757365725f69647c733a313a2231223b6e616d657c733a393a2257656262646d656574223b656d61696c7c733a31393a2277656262646d65657440676d61696c2e636f6d223b61646d696e5f69735f6c6f67696e7c733a313a2231223b6c6f67696e5f747970657c733a353a2261646d696e223b6163746976655f6d656e757c733a313a2234223b),
('uvejd52eutl0q45oo4pgbe590je9hq4o', '103.209.197.177', 1692006193, 0x5f5f63695f6c6173745f726567656e65726174657c693a313639323030363139333b),
('dc7mbtp5k6gh3ka5tcku8fipafp3j5lm', '103.209.197.177', 1692006358, 0x5f5f63695f6c6173745f726567656e65726174657c693a313639323030363335383b),
('ee6pgturqkdf1lo5ult4elmo9rls3aqo', '103.14.145.151', 1692006384, 0x5f5f63695f6c6173745f726567656e65726174657c693a313639323030363338343b),
('1ncjnuhd4oc2ocrb8qcio9201pdjhu0n', '103.209.197.177', 1692006433, 0x5f5f63695f6c6173745f726567656e65726174657c693a313639323030363433333b),
('r5cq4end0604jnd9fuej3hvjl0ppk17i', '103.14.145.151', 1692006438, 0x5f5f63695f6c6173745f726567656e65726174657c693a313639323030363433383b),
('u2u27ml244u2t82q18ftm3r08jl0uutl', '103.14.145.151', 1692006440, 0x5f5f63695f6c6173745f726567656e65726174657c693a313639323030363434303b),
('6dsie72973u18f5gu4s6dg0rl5n8s4fm', '103.14.145.151', 1692006526, 0x5f5f63695f6c6173745f726567656e65726174657c693a313639323030363532363b),
('8hf55lc8penumcs0gpfngqruidn3v9a4', '103.14.145.151', 1692006527, 0x5f5f63695f6c6173745f726567656e65726174657c693a313639323030363532373b),
('4kspe8vii90o02rm1ebc6a61nceq304l', '103.209.197.177', 1692007375, 0x5f5f63695f6c6173745f726567656e65726174657c693a313639323030373337353b6c6f67696e5f7374617475737c733a313a2231223b757365725f69647c733a313a2231223b6e616d657c733a393a2257656262646d656574223b656d61696c7c733a31393a2277656262646d65657440676d61696c2e636f6d223b61646d696e5f69735f6c6f67696e7c733a313a2231223b6c6f67696e5f747970657c733a353a2261646d696e223b6163746976655f6d656e757c733a313a2234223b),
('io8fchdt4ihklm20gbp6md3oms4pnhef', '103.209.197.177', 1692006623, 0x5f5f63695f6c6173745f726567656e65726174657c693a313639323030363632333b),
('ne559i9hioc6d1kkrcc1mpegctag8qds', '103.209.197.177', 1692006740, 0x5f5f63695f6c6173745f726567656e65726174657c693a313639323030363734303b),
('nrtq6fgn0mkjpnsiog26ug989ltnpa91', '103.209.197.177', 1692006772, 0x5f5f63695f6c6173745f726567656e65726174657c693a313639323030363737323b),
('ldr87mc95nv7q4lllpdbuaupf2a55hgf', '45.248.151.3', 1692006823, 0x5f5f63695f6c6173745f726567656e65726174657c693a313639323030363738333b6c6f67696e5f7374617475737c733a313a2231223b757365725f69647c733a313a2231223b6e616d657c733a393a2257656262646d656574223b656d61696c7c733a31393a2277656262646d65657440676d61696c2e636f6d223b61646d696e5f69735f6c6f67696e7c733a313a2231223b6c6f67696e5f747970657c733a353a2261646d696e223b6163746976655f6d656e757c733a313a2234223b),
('sq7re76ebm6jj5m1hpa6bqvg88d1v3ve', '103.209.197.177', 1692007003, 0x5f5f63695f6c6173745f726567656e65726174657c693a313639323030373030333b),
('fuebcpnhoaqddqh80nknce1o9jvq44p2', '103.209.197.177', 1692007029, 0x5f5f63695f6c6173745f726567656e65726174657c693a313639323030373032393b),
('jsv468pmpg8pi169je4vrb635bg13r31', '103.209.197.177', 1692007086, 0x5f5f63695f6c6173745f726567656e65726174657c693a313639323030373038363b),
('ar3i6g17b4gisinpk3q7pfpfg37ch8r1', '103.209.197.177', 1692007106, 0x5f5f63695f6c6173745f726567656e65726174657c693a313639323030373130363b),
('m5av1cgc4b563lr6knhtn4rpbn48b0nj', '103.209.197.177', 1692007840, 0x5f5f63695f6c6173745f726567656e65726174657c693a313639323030373834303b),
('p3kgmj1jd2jndjhchqme6p0klvvup2uc', '103.209.197.177', 1692007390, 0x5f5f63695f6c6173745f726567656e65726174657c693a313639323030373337353b6c6f67696e5f7374617475737c733a313a2231223b757365725f69647c733a313a2231223b6e616d657c733a393a2257656262646d656574223b656d61696c7c733a31393a2277656262646d65657440676d61696c2e636f6d223b61646d696e5f69735f6c6f67696e7c733a313a2231223b6c6f67696e5f747970657c733a353a2261646d696e223b6163746976655f6d656e757c733a313a2234223b),
('g2n71vmmhes9nqih0detr3butnd3lgno', '103.209.197.177', 1692008052, 0x5f5f63695f6c6173745f726567656e65726174657c693a313639323030373834303b),
('v8mekpjii78m7nnbafq0krdg7cge0oc2', '::1', 1692008606, 0x5f5f63695f6c6173745f726567656e65726174657c693a313639323030383630363b6c6f67696e5f7374617475737c733a313a2231223b757365725f69647c733a313a2231223b6e616d657c733a393a2257656262646d656574223b656d61696c7c733a31343a2261646d696e406d61696c2e636f6d223b61646d696e5f69735f6c6f67696e7c733a313a2231223b6c6f67696e5f747970657c733a353a2261646d696e223b6163746976655f6d656e757c733a313a2234223b),
('sfe8ildco2a953004reup0r1ehpk628s', '::1', 1692008955, 0x5f5f63695f6c6173745f726567656e65726174657c693a313639323030383935353b),
('gubk7j35mruptcbuq73vkd07nd9gstsr', '::1', 1692008961, 0x5f5f63695f6c6173745f726567656e65726174657c693a313639323030383936313b6c6f67696e5f7374617475737c733a313a2231223b757365725f69647c733a313a2231223b6e616d657c733a393a2257656262646d656574223b656d61696c7c733a31343a2261646d696e406d61696c2e636f6d223b61646d696e5f69735f6c6f67696e7c733a313a2231223b6c6f67696e5f747970657c733a353a2261646d696e223b6163746976655f6d656e757c733a313a2234223b),
('mtehjfos9a20933fi2nhffklhcl128ca', '::1', 1692012808, 0x5f5f63695f6c6173745f726567656e65726174657c693a313639323031323830383b),
('kjaclre8nhi42jiun6ub0jnaa882kjsj', '::1', 1692012635, 0x5f5f63695f6c6173745f726567656e65726174657c693a313639323031323633353b6c6f67696e5f7374617475737c733a313a2231223b757365725f69647c733a313a2231223b6e616d657c733a393a2257656262646d656574223b656d61696c7c733a31343a2261646d696e406d61696c2e636f6d223b61646d696e5f69735f6c6f67696e7c733a313a2231223b6c6f67696e5f747970657c733a353a2261646d696e223b6163746976655f6d656e757c733a313a2234223b),
('t2uv01m15m10k4gfd9vkaa3u134023ht', '::1', 1692012635, 0x5f5f63695f6c6173745f726567656e65726174657c693a313639323031323633353b6c6f67696e5f7374617475737c733a313a2231223b757365725f69647c733a313a2231223b6e616d657c733a393a2257656262646d656574223b656d61696c7c733a31343a2261646d696e406d61696c2e636f6d223b61646d696e5f69735f6c6f67696e7c733a313a2231223b6c6f67696e5f747970657c733a353a2261646d696e223b6163746976655f6d656e757c733a313a2234223b),
('jbkh7an6566g6du66v1phce1rlo0g2a5', '::1', 1692013115, 0x5f5f63695f6c6173745f726567656e65726174657c693a313639323031333131353b),
('o4bllqau80pd3o7vn7ublkmccfp88tbs', '::1', 1692013229, 0x5f5f63695f6c6173745f726567656e65726174657c693a313639323031333131353b),
('01s5j0mlq1jubllr5b83h5od0ioq1seg', '::1', 1692026556, 0x5f5f63695f6c6173745f726567656e65726174657c693a313639323032363535363b),
('ebqbid7c1iu5qdjurrluppqlhcp3njl1', '::1', 1692436232, 0x5f5f63695f6c6173745f726567656e65726174657c693a313639323433363233323b),
('dpnko381ed3k1lp8cfj5fjemutp1tbd1', '::1', 1692436625, 0x5f5f63695f6c6173745f726567656e65726174657c693a313639323433363632353b),
('n489e25n0tn6n950stlb58u68v2uhh17', '::1', 1692437173, 0x5f5f63695f6c6173745f726567656e65726174657c693a313639323433373137333b),
('r018i06migjfg3jolqkg4jrs21bgdi4f', '::1', 1692437833, 0x5f5f63695f6c6173745f726567656e65726174657c693a313639323433373833333b),
('upbcjucvekr95lut404krhi6rom69nn1', '::1', 1692438027, 0x5f5f63695f6c6173745f726567656e65726174657c693a313639323433373833333b),
('5pvh1ifah9ugm7b11b5p9du8plfpnb1m', '::1', 1692632690, 0x5f5f63695f6c6173745f726567656e65726174657c693a313639323633323639303b),
('qpn8vmapm0gtt0geosadob5g8r4prd7v', '::1', 1692633055, 0x5f5f63695f6c6173745f726567656e65726174657c693a313639323633333035353b),
('mkqblasp5f61r8odgtq7m84n116nog84', '::1', 1692633722, 0x5f5f63695f6c6173745f726567656e65726174657c693a313639323633333732323b),
('g2btnaooegjossoqpd5sq07bdp70ln9s', '::1', 1692636002, 0x5f5f63695f6c6173745f726567656e65726174657c693a313639323633363030323b),
('l7ukoda191v3pio5dt9490l475hhqga0', '::1', 1692636430, 0x5f5f63695f6c6173745f726567656e65726174657c693a313639323633363433303b),
('4gv8dhi0oe9egc6k81iog4e7su96f716', '::1', 1692636876, 0x5f5f63695f6c6173745f726567656e65726174657c693a313639323633363837363b),
('c2qhji0lijikanvovn1bq9pq2k6qk0dj', '::1', 1692637400, 0x5f5f63695f6c6173745f726567656e65726174657c693a313639323633373430303b),
('34b0rb2pfcrcl9fhcvftfjuf1ttj24s2', '::1', 1692637703, 0x5f5f63695f6c6173745f726567656e65726174657c693a313639323633373730333b),
('2ssd4qo0qfc93fmasi553f0fjieudavn', '::1', 1692637964, 0x5f5f63695f6c6173745f726567656e65726174657c693a313639323633373730333b),
('road1lv13egckg1nl5ooctvue0ca3amm', '::1', 1693157978, 0x5f5f63695f6c6173745f726567656e65726174657c693a313639333135373937383b7461726e646174617c613a353a7b733a373a227472616e5f6964223b733a31373a2253534c4336346562386135613131376362223b733a373a22757365725f6964223b733a313a2234223b733a31303a227061636b6167655f6964223b733a313a2231223b733a363a22616d6f756e74223b733a363a223330302e3030223b733a383a2263757272656e6379223b733a333a22424454223b7d),
('tgjalhs1j37pglr3c2dmgjj3epj3sfjh', '::1', 1694162513, 0x5f5f63695f6c6173745f726567656e65726174657c693a313639343136323531333b6c6f67696e5f7374617475737c733a313a2231223b757365725f69647c733a313a2231223b6e616d657c733a393a2257656262646d656574223b656d61696c7c733a31343a2261646d696e406d61696c2e636f6d223b61646d696e5f69735f6c6f67696e7c733a313a2231223b6c6f67696e5f747970657c733a353a2261646d696e223b6163746976655f6d656e757c733a323a223134223b),
('236b02kd9bouc2dc4tmipusbvrbl5v1o', '::1', 1694162848, 0x5f5f63695f6c6173745f726567656e65726174657c693a313639343136323834383b6c6f67696e5f7374617475737c733a313a2231223b757365725f69647c733a313a2231223b6e616d657c733a393a2257656262646d656574223b656d61696c7c733a31343a2261646d696e406d61696c2e636f6d223b61646d696e5f69735f6c6f67696e7c733a313a2231223b6c6f67696e5f747970657c733a353a2261646d696e223b6163746976655f6d656e757c733a323a223134223b),
('iu522s0jffbm1gkqdduqr5n2okaecpuh', '::1', 1694163177, 0x5f5f63695f6c6173745f726567656e65726174657c693a313639343136333137373b6c6f67696e5f7374617475737c733a313a2231223b757365725f69647c733a313a2231223b6e616d657c733a393a2257656262646d656574223b656d61696c7c733a31343a2261646d696e406d61696c2e636f6d223b61646d696e5f69735f6c6f67696e7c733a313a2231223b6c6f67696e5f747970657c733a353a2261646d696e223b6163746976655f6d656e757c733a323a223134223b),
('nf4c09sf9s2qhglt1reacn95iddhbgoe', '::1', 1694164082, 0x5f5f63695f6c6173745f726567656e65726174657c693a313639343136343038323b6c6f67696e5f7374617475737c733a313a2231223b757365725f69647c733a313a2231223b6e616d657c733a393a2257656262646d656574223b656d61696c7c733a31343a2261646d696e406d61696c2e636f6d223b61646d696e5f69735f6c6f67696e7c733a313a2231223b6c6f67696e5f747970657c733a353a2261646d696e223b6163746976655f6d656e757c733a323a223134223b),
('qgvsvqvnl48ifgbhkv3eujtj5l2j28v9', '::1', 1694164757, 0x5f5f63695f6c6173745f726567656e65726174657c693a313639343136343735373b6c6f67696e5f7374617475737c733a313a2231223b757365725f69647c733a313a2231223b6e616d657c733a393a2257656262646d656574223b656d61696c7c733a31343a2261646d696e406d61696c2e636f6d223b61646d696e5f69735f6c6f67696e7c733a313a2231223b6c6f67696e5f747970657c733a353a2261646d696e223b6163746976655f6d656e757c733a323a223135223b),
('og7ho7l55dbbaelp7l6nlvfs3k3comh0', '::1', 1694167055, 0x5f5f63695f6c6173745f726567656e65726174657c693a313639343136373035353b6c6f67696e5f7374617475737c733a313a2231223b757365725f69647c733a313a2231223b6e616d657c733a393a2257656262646d656574223b656d61696c7c733a31343a2261646d696e406d61696c2e636f6d223b61646d696e5f69735f6c6f67696e7c733a313a2231223b6c6f67696e5f747970657c733a353a2261646d696e223b6163746976655f6d656e757c733a323a223135223b),
('585etqlfobm706rbievblitco11m79k6', '::1', 1694168864, 0x5f5f63695f6c6173745f726567656e65726174657c693a313639343136383836343b6c6f67696e5f7374617475737c733a313a2231223b757365725f69647c733a313a2231223b6e616d657c733a393a2257656262646d656574223b656d61696c7c733a31343a2261646d696e406d61696c2e636f6d223b61646d696e5f69735f6c6f67696e7c733a313a2231223b6c6f67696e5f747970657c733a353a2261646d696e223b6163746976655f6d656e757c733a323a223135223b),
('6mbr0i9203ank3mkgar8mv61h80la2mm', '::1', 1694168887, 0x5f5f63695f6c6173745f726567656e65726174657c693a313639343136383836343b6c6f67696e5f7374617475737c733a313a2231223b757365725f69647c733a313a2231223b6e616d657c733a393a2257656262646d656574223b656d61696c7c733a31343a2261646d696e406d61696c2e636f6d223b61646d696e5f69735f6c6f67696e7c733a313a2231223b6c6f67696e5f747970657c733a353a2261646d696e223b6163746976655f6d656e757c733a323a223135223b),
('oe8csveicj8crt1d51qvgqv1fp47e671', '::1', 1694192728, 0x5f5f63695f6c6173745f726567656e65726174657c693a313639343139323732383b7461726e646174617c613a353a7b733a373a227472616e5f6964223b733a31373a2253534c4336346662353337333832653537223b733a373a22757365725f6964223b733a313a2233223b733a31303a227061636b6167655f6964223b733a313a2233223b733a363a22616d6f756e74223b733a363a223639302e3030223b733a383a2263757272656e6379223b733a333a22424454223b7d),
('4qmq72dqh87hr0m4vm67mbmg6do2n4bt', '::1', 1694192524, 0x5f5f63695f6c6173745f726567656e65726174657c693a313639343139323532343b737563636573737c733a31383a225061796d656e74205375636365737365642e223b5f5f63695f766172737c613a313a7b733a373a2273756363657373223b733a333a226f6c64223b7d),
('hj2v9gr3mmppqfvsmfd6k998t196ujv6', '::1', 1694192888, 0x5f5f63695f6c6173745f726567656e65726174657c693a313639343139323732383b7461726e646174617c613a353a7b733a373a227472616e5f6964223b733a31373a2253534c4336346662353466386137323638223b733a373a22757365725f6964223b733a313a2233223b733a31303a227061636b6167655f6964223b733a313a2233223b733a363a22616d6f756e74223b733a363a223639302e3030223b733a383a2263757272656e6379223b733a333a22424454223b7d),
('rb3mg1m96ce2c9rne1jluqj5qkuesai3', '::1', 1694192742, 0x5f5f63695f6c6173745f726567656e65726174657c693a313639343139323734323b737563636573737c733a31383a225061796d656e74205375636365737365642e223b5f5f63695f766172737c613a313a7b733a373a2273756363657373223b733a333a226f6c64223b7d),
('i1k05k232jnpkbf831fktum94dbp212i', '::1', 1694192809, 0x5f5f63695f6c6173745f726567656e65726174657c693a313639343139323830393b),
('9j5bur7hqgd2944dkuoth2tuijr6vubo', '::1', 1694196293, 0x5f5f63695f6c6173745f726567656e65726174657c693a313639343139363239333b737563636573737c733a31383a225061796d656e74205375636365737365642e223b5f5f63695f766172737c613a313a7b733a373a2273756363657373223b733a333a226f6c64223b7d),
('75ac4t9lvges8o1stdrkif7pq7dmgu69', '::1', 1694202835, 0x5f5f63695f6c6173745f726567656e65726174657c693a313639343230323833353b),
('fh7c05n1c7nusfgc3giibjmnfm58r8sm', '::1', 1694203638, 0x5f5f63695f6c6173745f726567656e65726174657c693a313639343230333633383b),
('qqiuo44u5dq58601naatbuv7f7qjth55', '::1', 1694204091, 0x5f5f63695f6c6173745f726567656e65726174657c693a313639343230343039313b),
('6na110aqjhepdg84f136n6blud69gqi6', '::1', 1694204521, 0x5f5f63695f6c6173745f726567656e65726174657c693a313639343230343532313b),
('o2rtd1l8tm7dpm0a0vqagbab07eu833h', '::1', 1694204528, 0x5f5f63695f6c6173745f726567656e65726174657c693a313639343230343532313b),
('9aorm8lol1lkhbr89qfqmgjqvvcfemss', '::1', 1694205822, 0x5f5f63695f6c6173745f726567656e65726174657c693a313639343230353832323b7461726e646174617c613a353a7b733a373a227472616e5f6964223b733a31373a2253534c4336346662383631373062343034223b733a373a22757365725f6964223b733a313a2233223b733a31303a227061636b6167655f6964223b733a313a2233223b733a363a22616d6f756e74223b733a363a223639302e3030223b733a383a2263757272656e6379223b733a333a22424454223b7d),
('tguqihtiqam5945sc7scn7njtgmkt6r8', '::1', 1694205264, 0x5f5f63695f6c6173745f726567656e65726174657c693a313639343230353235373b),
('rldndmgb9iugtf3e4edro2g8p100nln4', '::1', 1694205487, 0x5f5f63695f6c6173745f726567656e65726174657c693a313639343230353438303b737563636573737c733a31383a225061796d656e74205375636365737365642e223b5f5f63695f766172737c613a313a7b733a373a2273756363657373223b733a333a226f6c64223b7d),
('pqoercp2eq46q9kdh0kqjs6b3qe3pj7r', '::1', 1694205822, 0x5f5f63695f6c6173745f726567656e65726174657c693a313639343230353832323b7461726e646174617c613a353a7b733a373a227472616e5f6964223b733a31373a2253534c4336346662383631373062343034223b733a373a22757365725f6964223b733a313a2233223b733a31303a227061636b6167655f6964223b733a313a2233223b733a363a22616d6f756e74223b733a363a223639302e3030223b733a383a2263757272656e6379223b733a333a22424454223b7d),
('k2tboenboo7j5k7belaqtqq885e7qv8r', '::1', 1694250937, 0x5f5f63695f6c6173745f726567656e65726174657c693a313639343235303933373b),
('50vk61otkvnm7m2s0sdsa7qughuaavl0', '::1', 1694362667, 0x5f5f63695f6c6173745f726567656e65726174657c693a313639343336323636373b),
('01ja1vu46tf6dieab8bpv23n9n6fa11e', '::1', 1694362687, 0x5f5f63695f6c6173745f726567656e65726174657c693a313639343336323636373b),
('jf70rfinq7kqj0i48e635j45b2d0rvfj', '::1', 1694364675, 0x5f5f63695f6c6173745f726567656e65726174657c693a313639343336343637353b),
('cpihj0ojkk58r9u006d779p5iq2qpa1j', '::1', 1694365254, 0x5f5f63695f6c6173745f726567656e65726174657c693a313639343336353235343b),
('5t040bk847kks9mc430gto9t0s9dgh0g', '::1', 1694365631, 0x5f5f63695f6c6173745f726567656e65726174657c693a313639343336353633313b),
('hsl5uhs4sbjio7htmdo6oikgr7fvgic9', '::1', 1694369672, 0x5f5f63695f6c6173745f726567656e65726174657c693a313639343336393637323b),
('f6b188rh2ol22bgu7h0hrulqld7dono9', '::1', 1694370101, 0x5f5f63695f6c6173745f726567656e65726174657c693a313639343337303130313b),
('8jcsr05k0beseo8cna2oajt0l36i28ls', '::1', 1694370500, 0x5f5f63695f6c6173745f726567656e65726174657c693a313639343337303530303b),
('0n3erctasdc9rqe24qj3l1v42ni4uggn', '::1', 1694370805, 0x5f5f63695f6c6173745f726567656e65726174657c693a313639343337303830353b),
('9pcurqavrlaqtu4qs7ciga80b36uotus', '::1', 1694370939, 0x5f5f63695f6c6173745f726567656e65726174657c693a313639343337303830353b),
('k8gl0oksfajhet30ethu546tl3dh35u3', '::1', 1694460761, 0x5f5f63695f6c6173745f726567656e65726174657c693a313639343436303736313b),
('3o2vvpdi1r7svfieslge1lrviui0vh1c', '::1', 1694461517, 0x5f5f63695f6c6173745f726567656e65726174657c693a313639343436313531373b),
('8fkkvkd6gku3rgcj85ir89eq4m6dcrl8', '::1', 1694461927, 0x5f5f63695f6c6173745f726567656e65726174657c693a313639343436313932373b),
('0mn1sbobdu7qeedvig3vbm6i2b6o9v9c', '::1', 1694462345, 0x5f5f63695f6c6173745f726567656e65726174657c693a313639343436323334353b),
('ac6hect7a2s07guapl5655jh67ddgmnb', '::1', 1694462696, 0x5f5f63695f6c6173745f726567656e65726174657c693a313639343436323639363b),
('2mhnh2ft2o7vtflnib891csju1qngir4', '::1', 1694463084, 0x5f5f63695f6c6173745f726567656e65726174657c693a313639343436333038343b),
('lml0peib0g40q60t968bf3q906pbbpad', '::1', 1694463671, 0x5f5f63695f6c6173745f726567656e65726174657c693a313639343436333637313b),
('508s7c9r8ghn0caj4d68uesl78de8jpg', '::1', 1694463987, 0x5f5f63695f6c6173745f726567656e65726174657c693a313639343436333938373b),
('jvfrslbhgjl0ntk1i6v1ti677frl7m6t', '::1', 1694464292, 0x5f5f63695f6c6173745f726567656e65726174657c693a313639343436343239323b),
('lb646l5c6pfh922uapir3mql7ijdk1gm', '::1', 1694464413, 0x5f5f63695f6c6173745f726567656e65726174657c693a313639343436343239323b),
('5kfaq54ou1uok81gsactip63v5uki26f', '::1', 1694522891, 0x5f5f63695f6c6173745f726567656e65726174657c693a313639343532323839313b),
('ctbpuv8a05tvu5g12go3a20pa478qr9j', '::1', 1694523205, 0x5f5f63695f6c6173745f726567656e65726174657c693a313639343532333230353b),
('cjcibadf6avrsbprh3mnrm4aqpelg7m3', '::1', 1694524008, 0x5f5f63695f6c6173745f726567656e65726174657c693a313639343532343030383b),
('idgapnbvsujrisgsec97a4ni416mp0l5', '::1', 1694524550, 0x5f5f63695f6c6173745f726567656e65726174657c693a313639343532343535303b),
('rufdbhvphioqsfq9h7vtf566ch4lk6kl', '::1', 1694524670, 0x5f5f63695f6c6173745f726567656e65726174657c693a313639343532343535303b),
('urlj22hcedgibpk118s9n9sg2ep9mt0n', '::1', 1694625978, 0x5f5f63695f6c6173745f726567656e65726174657c693a313639343632353937383b),
('mu4suhs95t8p8590hb931qni9umhm9um', '::1', 1694626409, 0x5f5f63695f6c6173745f726567656e65726174657c693a313639343632363430393b),
('lq38i9hm6sl27davg29v7k7214f6eo54', '::1', 1694626409, 0x5f5f63695f6c6173745f726567656e65726174657c693a313639343632363430393b7461726e646174617c613a353a7b733a373a227472616e5f6964223b733a31373a2253534c4336353031663236393566376539223b733a373a22757365725f6964223b733a313a2233223b733a31303a227061636b6167655f6964223b733a313a2233223b733a363a22616d6f756e74223b733a363a223639302e3030223b733a383a2263757272656e6379223b733a333a22424454223b7d);
INSERT INTO `ci_sessions` (`id`, `ip_address`, `timestamp`, `data`) VALUES
('3hqr8e3gbp7dj3s129dvuvrecnl988uk', '::1', 1694626434, 0x5f5f63695f6c6173745f726567656e65726174657c693a313639343632363432363b737563636573737c733a31383a225061796d656e74205375636365737365642e223b5f5f63695f766172737c613a313a7b733a373a2273756363657373223b733a333a226f6c64223b7d),
('tpqi5npureocde3upselb8q33qlgvd2j', '::1', 1694848276, 0x5f5f63695f6c6173745f726567656e65726174657c693a313639343834383133373b),
('hg4atfk5rusrmnkuhv3cjq2230jed0ob', '::1', 1694883342, 0x5f5f63695f6c6173745f726567656e65726174657c693a313639343838333334323b),
('0hjtboa46hhsjppd0c8nb03qnu9kbtqq', '::1', 1694883372, 0x5f5f63695f6c6173745f726567656e65726174657c693a313639343838333334323b);

-- --------------------------------------------------------

--
-- Table structure for table `config`
--

CREATE TABLE `config` (
  `config_id` int(11) NOT NULL,
  `title` longtext COLLATE utf8mb4_unicode_520_ci NOT NULL,
  `value` longtext COLLATE utf8mb4_unicode_520_ci NOT NULL
) ENGINE=MyISAM DEFAULT CHARSET=utf8mb4 COLLATE=utf8mb4_unicode_520_ci;

--
-- Dumping data for table `config`
--

INSERT INTO `config` (`config_id`, `title`, `value`) VALUES
(49, 'app_name', 'Webbdmeet'),
(50, 'version', '1.2.0'),
(51, 'app_mode', 'free'),
(52, 'app_mandatory_login', 'false'),
(53, 'purchase_code', '8569d875-bb19-4580-89da-4816b6703bce'),
(54, 'business_address', 'business_address'),
(55, 'business_phone', ''),
(56, 'system_email', 'youremail@gmail.com'),
(57, 'contact_email', 'youremail@gmail.com'),
(58, 'privacy_policy_text', 'Privacy policy text goes here.'),
(59, 'jitsi_server', 'https://meet.webbdmeet.online/'),
(60, 'system_short_name', 'system_short_name'),
(61, 'site_name', 'site_name'),
(62, 'protocol', 'smtp'),
(63, 'smtp_host', 'smtp.gmail.com'),
(64, 'smtp_user', 'youremail@gmail.com'),
(65, 'smtp_pass', 'xxxxxxxxxxx'),
(66, 'smtp_port', '465'),
(67, 'smtp_crypto', 'ssl'),
(68, 'mailpath', 'mailpath'),
(69, 'onesignal_api_keys', 'xxxxxxxxxxxxx'),
(70, 'onesignal_appid', 'xxxxxxxxxxx'),
(71, 'mobile_ads_enable', '0'),
(72, 'mobile_ads_network', 'admob'),
(73, 'admob_publisher_id', 'admob_publisher_id'),
(74, 'admob_app_id', 'admob_app_id'),
(75, 'admob_banner_ads_id', 'admob_banner_ads_id'),
(76, 'admob_interstitial_ads_id', 'admob_interstitial_ads_id'),
(77, 'meeting_prefix', 'MT'),
(78, 'allow_unauthorized_meeting_code', 'true'),
(79, 'backdrop_image', 'backdrop_image.jpg'),
(80, 'addthis_enable', 'false'),
(81, 'addthis_pubid', 'ra-58d74b9dcfd76af7'),
(82, 'logo', 'logo.png'),
(83, 'favicon', 'favicon.png'),
(84, 'og_image', 'og_image.jpg'),
(85, 'cron_key', 'cron_key'),
(86, 'db_backup', 'db_backup'),
(87, 'fan_native_ads_placement_id', 'fan_native_ads_placement_id'),
(88, 'fan_banner_ads_placement_id', 'fan_banner_ads_placement_id'),
(89, 'fan_interstitial_ads_placement_id', 'fan_interstitial_ads_placement_id'),
(90, 'startapp_app_id', 'startapp_app_id');

-- --------------------------------------------------------

--
-- Table structure for table `cron`
--

CREATE TABLE `cron` (
  `cron_id` int(11) NOT NULL,
  `type` varchar(250) COLLATE utf8mb4_unicode_520_ci NOT NULL,
  `action` varchar(250) COLLATE utf8mb4_unicode_520_ci NOT NULL,
  `image_url` longtext COLLATE utf8mb4_unicode_520_ci NOT NULL,
  `save_to` varchar(250) COLLATE utf8mb4_unicode_520_ci DEFAULT NULL,
  `videos_id` int(250) DEFAULT NULL,
  `admin_email_from` varchar(250) COLLATE utf8mb4_unicode_520_ci DEFAULT NULL,
  `admin_email` varchar(250) COLLATE utf8mb4_unicode_520_ci DEFAULT NULL,
  `email_to` varchar(250) COLLATE utf8mb4_unicode_520_ci DEFAULT NULL,
  `email_sub` varchar(250) COLLATE utf8mb4_unicode_520_ci DEFAULT NULL,
  `message` longtext COLLATE utf8mb4_unicode_520_ci DEFAULT NULL
) ENGINE=MyISAM DEFAULT CHARSET=utf8mb4 COLLATE=utf8mb4_unicode_520_ci;

-- --------------------------------------------------------

--
-- Table structure for table `ipn`
--

CREATE TABLE `ipn` (
  `id` int(11) NOT NULL,
  `data` text COLLATE utf8mb4_unicode_ci NOT NULL,
  `created_at` datetime NOT NULL DEFAULT current_timestamp()
) ENGINE=InnoDB DEFAULT CHARSET=utf8mb4 COLLATE=utf8mb4_unicode_ci;

-- --------------------------------------------------------

--
-- Table structure for table `keys`
--

CREATE TABLE `keys` (
  `id` int(11) NOT NULL,
  `label` varchar(250) COLLATE utf8mb4_unicode_520_ci DEFAULT 'System',
  `key` varchar(40) COLLATE utf8mb4_unicode_520_ci NOT NULL,
  `level` int(2) NOT NULL,
  `ignore_limits` tinyint(1) NOT NULL DEFAULT 0,
  `is_private_key` tinyint(1) NOT NULL DEFAULT 0,
  `ip_addresses` mediumtext COLLATE utf8mb4_unicode_520_ci DEFAULT NULL,
  `date_created` int(11) NOT NULL
) ENGINE=InnoDB DEFAULT CHARSET=utf8mb4 COLLATE=utf8mb4_unicode_520_ci;

--
-- Dumping data for table `keys`
--

INSERT INTO `keys` (`id`, `label`, `key`, `level`, `ignore_limits`, `is_private_key`, `ip_addresses`, `date_created`) VALUES
(1, 'Admin', '865a60266183dff', 1, 0, 0, NULL, 1584340674);

-- --------------------------------------------------------

--
-- Table structure for table `logs`
--

CREATE TABLE `logs` (
  `id` int(11) NOT NULL,
  `uri` varchar(255) COLLATE utf8mb4_unicode_520_ci NOT NULL,
  `method` varchar(6) COLLATE utf8mb4_unicode_520_ci NOT NULL,
  `params` mediumtext COLLATE utf8mb4_unicode_520_ci DEFAULT NULL,
  `api_key` varchar(40) COLLATE utf8mb4_unicode_520_ci NOT NULL,
  `ip_address` varchar(45) COLLATE utf8mb4_unicode_520_ci NOT NULL,
  `time` int(11) NOT NULL,
  `rtime` float DEFAULT NULL,
  `authorized` varchar(1) COLLATE utf8mb4_unicode_520_ci NOT NULL,
  `response_code` smallint(3) DEFAULT 0
) ENGINE=InnoDB DEFAULT CHARSET=utf8mb4 COLLATE=utf8mb4_unicode_520_ci;

-- --------------------------------------------------------

--
-- Table structure for table `meeting`
--

CREATE TABLE `meeting` (
  `meeting_id` int(11) NOT NULL,
  `meeting_title` varchar(250) DEFAULT NULL,
  `meeting_code` varchar(250) NOT NULL,
  `status` tinyint(4) NOT NULL DEFAULT 0,
  `user_id` int(11) NOT NULL DEFAULT 0,
  `subscription_type` tinyint(4) DEFAULT NULL,
  `created_at` datetime NOT NULL DEFAULT current_timestamp(),
  `remarks` text DEFAULT NULL
) ENGINE=MyISAM DEFAULT CHARSET=latin1;

--
-- Dumping data for table `meeting`
--

INSERT INTO `meeting` (`meeting_id`, `meeting_title`, `meeting_code`, `status`, `user_id`, `subscription_type`, `created_at`, `remarks`) VALUES
(1, 'test', 'MTfHvqFtuK6E', 0, 0, NULL, '2023-07-18 10:08:21', NULL),
(2, 'Personal Meeting ID', 'MT6gkgfYh8ko', 0, 3, NULL, '2023-07-27 01:35:57', NULL),
(3, 'photo', '1', 0, 4, NULL, '2023-07-27 07:46:24', NULL),
(4, 'emon hasan', '2', 0, 4, NULL, '2023-07-27 08:10:32', NULL),
(5, 'web design', '3', 0, 5, NULL, '2023-07-27 08:14:19', NULL),
(6, 'Personal Meeting ID', 'MTDYap7hSDFt', 0, 6, NULL, '2023-07-27 15:54:35', NULL),
(7, 'Untitled', 'MTBWs0QiTw1', 0, 0, NULL, '2023-07-28 02:46:29', NULL),
(8, 'Untitled', 'MT2rsaYJjZjK', 0, 0, NULL, '2023-07-28 11:33:32', NULL),
(9, 'Untitled', 'MTobZDRU5yB', 0, 0, NULL, '2023-07-28 15:29:29', NULL),
(10, 'Ebrahim vai', '12578dfgjkk', 0, 1, NULL, '2023-07-28 16:03:02', NULL),
(11, 'Emni meating', 'MTJfIS1cR2X', 0, 0, NULL, '2023-07-28 16:17:08', NULL),
(12, 'Personal Meeting ID', 'MT9QHAvtHPkf', 0, 7, NULL, '2023-07-30 01:14:42', NULL),
(13, 'Untitled', 'MTNOHGKHZ42', 0, 6, NULL, '2023-07-30 15:05:00', NULL),
(14, 'Personal Meeting ID', 'MTxNAnqgrFAL', 0, 8, NULL, '2023-07-31 12:54:11', NULL),
(15, 'Graphic Design ', 'MT8wh3XQ7Qd', 0, 6, NULL, '2023-07-31 13:15:28', NULL),
(16, 'Untitled', 'MTWtYr6uctf', 0, 0, NULL, '2023-07-31 13:27:27', NULL),
(17, 'Personal Meeting ID', 'MTl28XhyoVwL', 0, 9, NULL, '2023-07-31 15:22:25', NULL),
(18, 'Untitled', 'MThmDaIyu49', 0, 6, NULL, '2023-07-31 18:12:16', NULL),
(19, 'Web', 'MTy6SJZEHQY', 0, 9, NULL, '2023-08-01 01:14:00', NULL),
(20, 'hack', 'MTZpNeiKmBj', 0, 9, NULL, '2023-08-09 14:57:30', NULL),
(21, 'photo editing ', 'MTbNU9GmfC8', 0, 9, NULL, '2023-08-09 15:57:00', NULL),
(22, 'photo editing ', 'MT9iKuZIamP', 0, 9, NULL, '2023-08-09 16:02:48', NULL),
(23, 'Untitled', 'MTqwJFIDstyI', 0, 0, NULL, '2023-08-11 19:59:27', NULL),
(24, 'Untitled', 'MT3HuWQxqrqJ', 0, 0, NULL, '2023-08-11 20:00:18', NULL),
(25, 'Untitled', 'MTr44qtHmlch', 0, 0, NULL, '2023-08-11 20:22:28', NULL),
(26, 'Untitled', 'MT3yP89iPFKU', 0, 11, NULL, '2023-08-11 20:25:18', NULL),
(27, 'Untitled', 'MTaSiWYHdgN', 0, 6, NULL, '2023-08-11 21:23:58', NULL),
(28, 'Untitled', 'MTN720cmkBC', 0, 6, NULL, '2023-08-12 02:28:30', NULL),
(29, 'Untitled', 'MTNC0DsafdG', 0, 0, NULL, '2023-08-12 02:30:54', NULL),
(30, 'Untitled', 'MTfmC8kdo6z', 0, 0, NULL, '2023-08-12 02:34:04', NULL),
(31, 'Untitled', 'MTmoyxvsJau', 0, 0, NULL, '2023-08-12 02:42:41', NULL),
(32, 'Untitled', 'MTNIcfdWIDj', 0, 0, NULL, '2023-08-12 02:46:48', NULL),
(33, 'Personal Meeting ID', 'MTqmZTxGQPru', 0, 12, NULL, '2023-08-13 00:52:05', NULL),
(34, 'Untitled', 'MTaPfG4fZ4A', 0, 12, NULL, '2023-08-13 01:01:15', NULL),
(35, 'Untitled', 'MTRzFiZXIpL', 0, 12, NULL, '2023-08-13 01:09:05', NULL),
(36, 'Untitled', 'MT7B56Vb30f', 0, 12, NULL, '2023-08-13 01:16:02', NULL),
(37, 'Untitled', 'MT7B56Vb30f', 0, 12, NULL, '2023-08-13 01:17:40', NULL),
(38, 'Untitled', 'MTf0wf3vLuU', 0, 12, NULL, '2023-08-13 01:20:40', NULL),
(39, 'Untitled', 'MTf0wf3vLuU', 0, 12, NULL, '2023-08-13 01:21:29', NULL),
(40, 'Untitled', 'MTHbiejntJfS', 0, 0, NULL, '2023-08-13 01:35:28', NULL),
(41, 'Untitled', 'MTBU3Xl1ji3', 0, 12, NULL, '2023-08-13 23:59:36', NULL),
(42, 'Untitled', 'MTBU3Xl1ji3', 0, 12, NULL, '2023-08-14 00:00:37', NULL),
(43, 'Untitled', 'MTrKC1MSxKl', 0, 12, NULL, '2023-08-14 15:23:56', NULL),
(44, 'Untitled', 'MTKzoxtMEV3', 0, 6, NULL, '2023-08-14 15:39:55', NULL),
(45, 'Ebrahim', 'MTAndaLJdVc', 0, 6, NULL, '2023-08-14 15:48:47', NULL),
(48, 'Untitled', 'MTb8l52rdfKI', 0, 12, NULL, '2023-08-14 16:24:47', NULL),
(49, 'Untitled', 'MTb8l52rdfKI', 0, 12, NULL, '2023-08-21 19:53:12', NULL),
(51, 'Untitled', 'Reb8l52rdfKI', 0, 12, 0, '2023-08-21 22:03:41', NULL),
(76, 'Untitled', 'Reb8l52rKkK', 0, 3, 1, '2023-09-12 02:12:43', NULL),
(77, 'Untitled', 'Reb8l52rLlL', 0, 3, 1, '2023-09-13 23:17:51', NULL),
(78, 'Untitled', 'Reb8l52rRrR', 0, 3, 1, '2023-09-16 13:09:42', NULL),
(79, 'Untitled', 'Reb8l52rVvT', 0, 3, 1, '2023-09-16 22:49:38', NULL),
(80, 'Untitled', 'Bewb8l52rVvT', 1, 3, 1, '2023-09-16 22:50:53', NULL);

-- --------------------------------------------------------

--
-- Table structure for table `meeting_history`
--

CREATE TABLE `meeting_history` (
  `meeting_history_id` int(11) NOT NULL,
  `meeting_code` varchar(250) NOT NULL,
  `nick_name` varchar(250) DEFAULT 'No-name',
  `user_id` int(11) NOT NULL DEFAULT 0,
  `joined_at` datetime NOT NULL DEFAULT current_timestamp(),
  `remarks` text DEFAULT NULL
) ENGINE=MyISAM DEFAULT CHARSET=latin1;

--
-- Dumping data for table `meeting_history`
--

INSERT INTO `meeting_history` (`meeting_history_id`, `meeting_code`, `nick_name`, `user_id`, `joined_at`, `remarks`) VALUES
(1, 'MTfHvqFtuK6E', 'No-name', 0, '2023-07-18 10:08:21', NULL),
(2, 'MTfHvqFtuK6E', 'No-name', 0, '2023-07-18 10:08:22', NULL),
(3, 'asdf', 'No-name', 0, '2023-07-20 22:42:59', NULL),
(4, 'fgdfgdg', 'No-name', 1, '2023-07-26 16:11:37', NULL),
(5, 'fgdfgdg', 'No-name', 1, '2023-07-26 16:12:59', NULL),
(6, 'fgdfgdg', 'No-name', 1, '2023-07-26 16:13:30', NULL),
(7, 'fgdfgdg', 'No-name', 1, '2023-07-26 16:14:31', NULL),
(8, 'fgdfgdg', 'No-name', 1, '2023-07-26 16:15:07', NULL),
(9, 'fgdfgdg', 'No-name', 1, '2023-07-26 16:18:43', NULL),
(10, '1', 'No-name', 4, '2023-07-27 07:46:24', NULL),
(11, '1', 'No-name', 4, '2023-07-27 07:46:24', NULL),
(12, '1', 'No-name', 4, '2023-07-27 07:53:07', NULL),
(13, '1', 'No-name', 4, '2023-07-27 07:54:03', NULL),
(14, '1', 'No-name', 1, '2023-07-27 07:56:12', NULL),
(15, '1', 'No-name', 1, '2023-07-27 07:57:11', NULL),
(16, '2', 'No-name', 4, '2023-07-27 08:10:32', NULL),
(17, '2', 'No-name', 4, '2023-07-27 08:10:32', NULL),
(18, '3', 'No-name', 5, '2023-07-27 08:14:19', NULL),
(19, '3', 'No-name', 5, '2023-07-27 08:14:20', NULL),
(20, '3', 'No-name', 5, '2023-07-27 08:17:23', NULL),
(21, 'MTBWs0QiTw1', 'No-name', 0, '2023-07-28 02:46:29', NULL),
(22, 'MT2rsaYJjZjK', 'No-name', 0, '2023-07-28 11:33:32', NULL),
(23, 'MT2rsaYJjZjK', 'No-name', 0, '2023-07-28 11:33:32', NULL),
(24, 'MTobZDRU5yB', 'No-name', 0, '2023-07-28 15:29:29', NULL),
(25, '12578dfgjkk', 'No-name', 6, '2023-07-28 16:05:30', NULL),
(26, '12578dfgjkk', 'No-name', 1, '2023-07-28 16:07:08', NULL),
(27, '12578dfgjkk', 'XXXX', 0, '2023-07-28 16:15:34', NULL),
(28, 'MTJfIS1cR2X', 'No-name', 0, '2023-07-28 16:17:08', NULL),
(29, '12578dfgjkk', 'No-name', 6, '2023-07-29 23:48:22', NULL),
(30, '12578dfgjkk', 'No-name', 6, '2023-07-29 23:48:22', NULL),
(31, '12578dfgjkk', 'No-name', 6, '2023-07-29 23:48:23', NULL),
(32, 'MTNOHGKHZ42', 'No-name', 6, '2023-07-30 15:05:00', NULL),
(33, 'user@gmail.com', 'akash', 0, '2023-07-31 13:12:12', NULL),
(34, 'user@gmail.com', 'akash', 0, '2023-07-31 13:12:29', NULL),
(35, 'user@gmail.com', 'akash', 0, '2023-07-31 13:12:43', NULL),
(36, 'MT8wh3XQ7Qd', 'No-name', 6, '2023-07-31 13:15:28', NULL),
(37, 'MTWtYr6uctf', 'No-name', 0, '2023-07-31 13:27:27', NULL),
(38, 'MThmDaIyu49', 'No-name', 6, '2023-07-31 18:12:16', NULL),
(39, 'MTy6SJZEHQY', 'No-name', 9, '2023-08-01 01:14:00', NULL),
(40, 'MTy6SJZEHQY', 'No-name', 9, '2023-08-02 16:40:34', NULL),
(41, 'MTy6SJZEHQY', 'No-name', 9, '2023-08-02 16:40:35', NULL),
(42, 'MTy6SJZEHQY', 'No-name', 9, '2023-08-03 03:21:46', NULL),
(43, 'MTy6SJZEHQY', 'No-name', 9, '2023-08-03 03:21:47', NULL),
(44, 'MTy6SJZEHQY', 'No-name', 9, '2023-08-03 03:21:47', NULL),
(45, 'MTy6SJZEHQY', 'No-name', 9, '2023-08-03 03:21:48', NULL),
(46, 'MTZpNeiKmBj', 'No-name', 9, '2023-08-09 14:57:30', NULL),
(47, 'MTbNU9GmfC8', 'No-name', 9, '2023-08-09 15:57:00', NULL),
(48, 'MT9iKuZIamP', 'No-name', 9, '2023-08-09 16:02:48', NULL),
(49, 'MTqwJFIDstyI', 'No-name', 0, '2023-08-11 19:59:27', NULL),
(50, 'MTqwJFIDstyI', 'No-name', 0, '2023-08-11 19:59:27', NULL),
(51, 'MT3HuWQxqrqJ', 'No-name', 0, '2023-08-11 20:00:18', NULL),
(52, 'MT3HuWQxqrqJ', 'No-name', 0, '2023-08-11 20:00:18', NULL),
(53, 'MT3HuWQxqrqJ', 'No-name', 0, '2023-08-11 20:19:50', NULL),
(54, 'MT3HuWQxqrqJ', 'No-name', 0, '2023-08-11 20:20:53', NULL),
(55, 'MTr44qtHmlch', 'No-name', 0, '2023-08-11 20:22:28', NULL),
(56, 'MTr44qtHmlch', 'No-name', 0, '2023-08-11 20:22:28', NULL),
(57, 'MT3yP89iPFKU', 'No-name', 11, '2023-08-11 20:25:18', NULL),
(58, 'MT3yP89iPFKU', 'No-name', 11, '2023-08-11 20:25:18', NULL),
(59, 'MTaSiWYHdgN', 'No-name', 6, '2023-08-11 21:23:58', NULL),
(60, 'MTN720cmkBC', 'No-name', 6, '2023-08-12 02:28:30', NULL),
(61, 'MTNC0DsafdG', 'No-name', 0, '2023-08-12 02:30:54', NULL),
(62, 'MTfmC8kdo6z', 'No-name', 0, '2023-08-12 02:34:04', NULL),
(63, 'MTmoyxvsJau', 'No-name', 0, '2023-08-12 02:42:41', NULL),
(64, 'MTNIcfdWIDj', 'No-name', 0, '2023-08-12 02:46:48', NULL),
(65, 'MTaPfG4fZ4A', 'No-name', 12, '2023-08-13 01:01:15', NULL),
(66, 'MTRzFiZXIpL', 'No-name', 12, '2023-08-13 01:09:05', NULL),
(67, 'MT7B56Vb30f', 'No-name', 12, '2023-08-13 01:16:02', NULL),
(68, 'MT7B56Vb30f', 'No-name', 12, '2023-08-13 01:17:40', NULL),
(69, 'MTf0wf3vLuU', 'No-name', 12, '2023-08-13 01:20:40', NULL),
(70, 'MTf0wf3vLuU', 'No-name', 12, '2023-08-13 01:21:29', NULL),
(71, 'MT7B56Vb30f', 'Somuddro', 0, '2023-08-13 01:31:30', NULL),
(72, 'MTHbiejntJfS', 'No-name', 0, '2023-08-13 01:35:28', NULL),
(73, 'MTHbiejntJfS', 'No-name', 0, '2023-08-13 01:35:28', NULL),
(74, 'MTHbiejntJf', 'No-name', 0, '2023-08-13 01:38:01', NULL),
(75, 'MTHbiejntJfS', 'No-name', 0, '2023-08-13 01:45:15', NULL),
(76, 'qtuok', 'No-name', 12, '2023-08-13 15:29:43', NULL),
(77, 'MTBU3Xl1ji3', 'No-name', 12, '2023-08-13 23:59:36', NULL),
(78, 'MTBU3Xl1ji3', 'No-name', 12, '2023-08-14 00:00:37', NULL),
(79, 'MTBU3Xl1ji3', 'Biswas', 11, '2023-08-14 00:13:49', NULL),
(80, 'MTrKC1MSxKl', 'No-name', 12, '2023-08-14 15:23:56', NULL),
(82, 'MTrKC1MSxKl', 'user', 6, '2023-08-14 15:30:17', NULL),
(83, 'MTKzoxtMEV3', 'No-name', 6, '2023-08-14 15:39:55', NULL),
(84, 'MTKzoxtMEV3', 'user 2', 12, '2023-08-14 15:43:13', NULL),
(85, 'MTAndaLJdVc', 'No-name', 6, '2023-08-14 15:48:47', NULL),
(86, 'MTAndaLJdVc', 'Rasel', 12, '2023-08-14 16:02:38', NULL),
(87, 'MTAndaLJdVc', 'Rasel', 3, '2023-08-14 16:05:38', NULL),
(89, 'MTAndaLJdVc', 'Rasel', 4, '2023-08-14 16:14:12', NULL),
(90, 'MTb8l52rdfKI', 'No-name', 12, '2023-08-14 16:24:47', NULL),
(92, 'MTb8l52rdfKI', 'No-name', 12, '2023-08-21 19:53:12', NULL),
(93, 'Reb8l52rdfKI', 'No-name', 12, '2023-08-21 22:02:02', NULL),
(94, 'Reb8l52rdfKI', 'No-name', 12, '2023-08-21 22:03:41', NULL),
(95, 'Reb8l52rdfKI', 'Rasel', 3, '2023-08-21 23:03:20', NULL),
(121, 'Reb8l52rKkK', 'No-name', 3, '2023-09-12 02:12:43', NULL),
(134, 'Reb8l52rKkK', 'Test', 12, '2023-09-12 18:48:38', NULL),
(135, 'Reb8l52rLlL', 'No-name', 3, '2023-09-13 23:17:51', NULL),
(136, 'Reb8l52rLlL', 'Test', 12, '2023-09-13 23:20:14', NULL),
(137, 'Reb8l52rRrR', 'No-name', 3, '2023-09-16 13:09:42', NULL),
(138, 'Reb8l52rRrR', 'Test', 12, '2023-09-16 13:10:22', NULL),
(139, 'Reb8l52rVvT', 'No-name', 3, '2023-09-16 22:49:38', NULL),
(140, 'Bewb8l52rVvT', 'No-name', 3, '2023-09-16 22:50:53', NULL),
(141, 'Bewb8l52rVvT', 'Test', 12, '2023-09-16 22:53:31', NULL);

-- --------------------------------------------------------

--
-- Table structure for table `package`
--

CREATE TABLE `package` (
  `package_id` int(11) NOT NULL,
  `name` varchar(250) COLLATE utf8mb4_unicode_ci NOT NULL,
  `price` float(9,2) NOT NULL,
  `participant` int(9) NOT NULL,
  `duration` int(9) NOT NULL,
  `minutes` varchar(255) COLLATE utf8mb4_unicode_ci NOT NULL,
  `created_at` datetime NOT NULL DEFAULT current_timestamp()
) ENGINE=InnoDB DEFAULT CHARSET=utf8mb4 COLLATE=utf8mb4_unicode_ci;

--
-- Dumping data for table `package`
--

INSERT INTO `package` (`package_id`, `name`, `price`, `participant`, `duration`, `minutes`, `created_at`) VALUES
(1, 'Teaching', 230.00, 150, 30, '180', '2023-07-30 02:38:23'),
(2, 'Business', 460.00, 500, 30, '300', '2023-08-13 00:56:29'),
(3, 'Business Planning', 690.00, 1000, 30, 'Unlimited', '2023-09-08 14:52:57');

-- --------------------------------------------------------

--
-- Table structure for table `rest_logins`
--

CREATE TABLE `rest_logins` (
  `id` int(11) NOT NULL,
  `username` varchar(250) COLLATE utf8mb4_unicode_520_ci NOT NULL,
  `password` varchar(250) CHARACTER SET utf8 COLLATE utf8_unicode_ci NOT NULL,
  `status` int(11) NOT NULL DEFAULT 1
) ENGINE=MyISAM DEFAULT CHARSET=utf8mb4 COLLATE=utf8mb4_unicode_520_ci;

--
-- Dumping data for table `rest_logins`
--

INSERT INTO `rest_logins` (`id`, `username`, `password`, `status`) VALUES
(1, 'admin', 'a38c2bb09473151', 1);

-- --------------------------------------------------------

--
-- Table structure for table `subscription`
--

CREATE TABLE `subscription` (
  `id` int(11) NOT NULL,
  `user_id` int(11) NOT NULL,
  `tran_id` int(11) NOT NULL,
  `package_id` int(11) NOT NULL,
  `num_of_item` int(11) NOT NULL,
  `package_name` varchar(255) COLLATE utf8mb4_unicode_ci NOT NULL,
  `package_price` float(9,2) NOT NULL,
  `total_amount` float(9,2) NOT NULL,
  `store_amount` float(9,2) NOT NULL,
  `card_type` varchar(255) COLLATE utf8mb4_unicode_ci DEFAULT NULL,
  `start_date` date NOT NULL,
  `end_date` date NOT NULL
) ENGINE=InnoDB DEFAULT CHARSET=utf8mb4 COLLATE=utf8mb4_unicode_ci;

--
-- Dumping data for table `subscription`
--

INSERT INTO `subscription` (`id`, `user_id`, `tran_id`, `package_id`, `num_of_item`, `package_name`, `package_price`, `total_amount`, `store_amount`, `card_type`, `start_date`, `end_date`) VALUES
(1, 6, 7, 1, 3, 'Teaching', 300.00, 300.00, 292.50, NULL, '2023-08-12', '2023-11-10'),
(2, 3, 9, 1, 1, 'Teaching', 300.00, 100.00, 97.50, NULL, '2023-08-12', '2023-09-12'),
(3, 12, 10, 2, 3, 'Business', 10.00, 30.00, 29.25, NULL, '2023-08-09', '2023-08-16'),
(8, 3, 20, 3, 1, 'Business Planning', 690.00, 690.00, 672.75, 'ABBANKIB-AB Bank', '2023-09-09', '2023-09-09'),
(9, 3, 21, 1, 1, 'Business Planning', 690.00, 690.00, 672.75, 'BKASH-BKash', '2023-09-13', '2023-10-13');

-- --------------------------------------------------------

--
-- Table structure for table `transaction`
--

CREATE TABLE `transaction` (
  `id` int(11) NOT NULL,
  `tran_id` varchar(255) COLLATE utf8mb4_unicode_ci NOT NULL,
  `user_id` int(11) NOT NULL,
  `name` varchar(255) COLLATE utf8mb4_unicode_ci NOT NULL,
  `email` varchar(255) COLLATE utf8mb4_unicode_ci NOT NULL,
  `phone` varchar(255) COLLATE utf8mb4_unicode_ci NOT NULL,
  `package_id` int(11) NOT NULL,
  `package_name` varchar(255) COLLATE utf8mb4_unicode_ci NOT NULL,
  `num_of_item` int(11) NOT NULL,
  `package_price` float(9,2) NOT NULL,
  `total_amount` float(9,2) NOT NULL,
  `status` varchar(255) COLLATE utf8mb4_unicode_ci NOT NULL,
  `card_type` varchar(255) COLLATE utf8mb4_unicode_ci DEFAULT NULL,
  `ssl_data` longtext COLLATE utf8mb4_unicode_ci DEFAULT NULL,
  `created_at` datetime NOT NULL DEFAULT current_timestamp()
) ENGINE=InnoDB DEFAULT CHARSET=utf8mb4 COLLATE=utf8mb4_unicode_ci;

--
-- Dumping data for table `transaction`
--

INSERT INTO `transaction` (`id`, `tran_id`, `user_id`, `name`, `email`, `phone`, `package_id`, `package_name`, `num_of_item`, `package_price`, `total_amount`, `status`, `card_type`, `ssl_data`, `created_at`) VALUES
(1, 'SSLC64d4eba4b9fcc', 9, 'Akash', 'akashhusain48@gmail.com', '01646599398', 1, 'St1', 1, 300.00, 100.00, 'pending', NULL, NULL, '2023-08-10 19:52:39'),
(2, 'SSLC64d4eba74d4ae', 9, 'Akash', 'akashhusain48@gmail.com', '01646599398', 1, 'St1', 1, 300.00, 100.00, 'pending', NULL, NULL, '2023-08-10 19:52:41'),
(3, 'SSLC64d4ebdfb56de', 9, 'Akash', 'akashhusain48@gmail.com', '01646599398', 1, 'St1', 1, 300.00, 100.00, 'pending', NULL, NULL, '2023-08-10 19:53:39'),
(4, 'SSLC64d65183b8fa8', 4, 'Rashel Nice Brother', 'ransice@gmail.com', '01552607608', 1, 'Silver', 3, 300.00, 300.00, 'pending', NULL, NULL, '2023-08-11 21:19:34'),
(5, 'SSLC64d65bc39858c', 6, 'webbdnet', 'user@gmail.com', '01796325874', 1, 'St1', 1, 300.00, 100.00, 'fail', '', '{\"tran_id\":\"SSLC64d65bc39858c\",\"error\":\"Invalid CVV\",\"status\":\"FAILED\",\"bank_tran_id\":\"2308112203531YuE0wma2KG5B1q\",\"currency\":\"BDT\",\"tran_date\":\"2023-08-11 22:03:17\",\"amount\":\"100.00\",\"store_id\":\"webbd64ca1bf444922\",\"card_type\":\"\",\"card_no\":\"\",\"card_issuer\":\"BKash Mobile Banking\",\"card_brand\":\"MOBILEBANKING\",\"card_sub_brand\":\"Classic\",\"card_issuer_country\":\"Bangladesh\",\"card_issuer_country_code\":\"BD\",\"subscription_id\":\"\",\"currency_type\":\"BDT\",\"currency_amount\":\"100.00\",\"currency_rate\":\"1.0000\",\"base_fair\":\"0.00\",\"value_a\":\"6\",\"value_b\":\"user@gmail.com\",\"value_c\":\"01796325874\",\"value_d\":\"1\",\"verify_sign\":\"60f404a2ea2e1aa7cc2218c312150ee5\",\"verify_sign_sha2\":\"0dfd24c8b0e42ce8946f78d75074d84606aa37cff60b1d3b82288df8b1cdcaac\",\"verify_key\":\"amount,bank_tran_id,base_fair,card_brand,card_issuer,card_issuer_country,card_issuer_country_code,card_no,card_sub_brand,card_type,currency,currency_amount,currency_rate,currency_type,error,status,store_id,tran_date,tran_id,value_a,value_b,value_c,value_d\"}', '2023-08-11 22:03:18'),
(6, 'SSLC64d7346929feb', 9, 'Akash', 'akashhusain48@gmail.com', '01646599398', 1, 'St1', 1, 300.00, 100.00, 'pending', NULL, NULL, '2023-08-12 13:27:39'),
(7, 'SSLC64d73f12020a7', 6, 'webbdnet', 'user@gmail.com', '01753698521', 1, 'St1', 3, 300.00, 300.00, 'success', 'BKASH-BKash', '{\"tran_id\":\"SSLC64d73f12020a7\",\"val_id\":\"2308121413310OyydMKbR9Q8QRl\",\"amount\":\"300.00\",\"card_type\":\"BKASH-BKash\",\"store_amount\":\"292.50\",\"card_no\":\"\",\"bank_tran_id\":\"2308121413311GcUD7zNIF9P0vs\",\"status\":\"VALID\",\"tran_date\":\"2023-08-12 14:13:07\",\"error\":\"\",\"currency\":\"BDT\",\"card_issuer\":\"BKash Mobile Banking\",\"card_brand\":\"MOBILEBANKING\",\"card_sub_brand\":\"Classic\",\"card_issuer_country\":\"Bangladesh\",\"card_issuer_country_code\":\"BD\",\"store_id\":\"webbd64ca1bf444922\",\"verify_sign\":\"c2efc4617e0ebd869130f7b866a53ca2\",\"verify_key\":\"amount,bank_tran_id,base_fair,card_brand,card_issuer,card_issuer_country,card_issuer_country_code,card_no,card_sub_brand,card_type,currency,currency_amount,currency_rate,currency_type,error,risk_level,risk_title,status,store_amount,store_id,tran_date,tran_id,val_id,value_a,value_b,value_c,value_d\",\"verify_sign_sha2\":\"3f52c3b37b345bff7995fa9f3a1950129b97c83a9bb9b6c0a051fea9fef45e40\",\"currency_type\":\"BDT\",\"currency_amount\":\"300.00\",\"currency_rate\":\"1.0000\",\"base_fair\":\"0.00\",\"value_a\":\"6\",\"value_b\":\"user@gmail.com\",\"value_c\":\"01753698521\",\"value_d\":\"1\",\"subscription_id\":\"\",\"risk_level\":\"0\",\"risk_title\":\"Safe\"}', '2023-08-12 14:13:08'),
(8, 'SSLC64d745374e9a9', 9, 'Akash', 'akashhusain48@gmail.com', '01646599398', 1, 'St1', 1, 300.00, 100.00, 'pending', NULL, NULL, '2023-08-12 14:39:21'),
(9, 'SSLC64d750ddf00ff', 6, 'webbdnet', 'user@gmail.com', '01752365852', 1, 'St1', 1, 300.00, 100.00, 'success', 'NAGAD-Nagad', '{\"tran_id\":\"SSLC64d750ddf00ff\",\"val_id\":\"2308121529310jDFoJuTlZgqlqv\",\"amount\":\"100.00\",\"card_type\":\"NAGAD-Nagad\",\"store_amount\":\"97.50\",\"card_no\":\"\",\"bank_tran_id\":\"2308121529300ztbYwgakssIEZE\",\"status\":\"VALID\",\"tran_date\":\"2023-08-12 15:29:03\",\"error\":\"\",\"currency\":\"BDT\",\"card_issuer\":\"Nagad\",\"card_brand\":\"MOBILEBANKING\",\"card_sub_brand\":\"Classic\",\"card_issuer_country\":\"Bangladesh\",\"card_issuer_country_code\":\"BD\",\"store_id\":\"webbd64ca1bf444922\",\"verify_sign\":\"39d90b455f98a2d5c9431eba8b2b9ed4\",\"verify_key\":\"amount,bank_tran_id,base_fair,card_brand,card_issuer,card_issuer_country,card_issuer_country_code,card_no,card_sub_brand,card_type,currency,currency_amount,currency_rate,currency_type,error,risk_level,risk_title,status,store_amount,store_id,tran_date,tran_id,val_id,value_a,value_b,value_c,value_d\",\"verify_sign_sha2\":\"6c5fda6806dfeccd3a085044ac21a4e757a23d7fc7b55c462d878ad83023f42e\",\"currency_type\":\"BDT\",\"currency_amount\":\"100.00\",\"currency_rate\":\"1.0000\",\"base_fair\":\"0.00\",\"value_a\":\"6\",\"value_b\":\"user@gmail.com\",\"value_c\":\"01752365852\",\"value_d\":\"1\",\"subscription_id\":\"\",\"risk_level\":\"0\",\"risk_title\":\"Safe\"}', '2023-08-12 15:29:04'),
(10, 'SSLC64d7d638df15d', 12, 'User 2', 'user2@gmail.com', '01789658965', 2, 'Test Package', 3, 10.00, 30.00, 'success', 'VISA-Dutch Bangla', '{\"tran_id\":\"SSLC64d7d638df15d\",\"val_id\":\"230813059571EEc3aqXWjxBjfO\",\"amount\":\"30.00\",\"card_type\":\"VISA-Dutch Bangla\",\"store_amount\":\"29.25\",\"card_no\":\"434977******9753\",\"bank_tran_id\":\"2308130595700LunYezIGNKwGi\",\"status\":\"VALID\",\"tran_date\":\"2023-08-13 00:58:02\",\"error\":\"\",\"currency\":\"BDT\",\"card_issuer\":\"EASTERN BANK, LTD.\",\"card_brand\":\"VISA\",\"card_sub_brand\":\"Classic\",\"card_issuer_country\":\"Bangladesh\",\"card_issuer_country_code\":\"BD\",\"store_id\":\"webbd64ca1bf444922\",\"verify_sign\":\"a2439289cd68b1c449a9d8fa11868a92\",\"verify_key\":\"amount,bank_tran_id,base_fair,card_brand,card_issuer,card_issuer_country,card_issuer_country_code,card_no,card_sub_brand,card_type,currency,currency_amount,currency_rate,currency_type,error,risk_level,risk_title,status,store_amount,store_id,tran_date,tran_id,val_id,value_a,value_b,value_c,value_d\",\"verify_sign_sha2\":\"4239c1fde964da61a91c73d2b1d00e90cbc63a2e92b021f851dd958a3ddd10e1\",\"currency_type\":\"BDT\",\"currency_amount\":\"30.00\",\"currency_rate\":\"1.0000\",\"base_fair\":\"0.00\",\"value_a\":\"12\",\"value_b\":\"user2@gmail.com\",\"value_c\":\"01789658965\",\"value_d\":\"2\",\"subscription_id\":\"\",\"risk_level\":\"0\",\"risk_title\":\"Safe\"}', '2023-08-13 00:58:03'),
(11, 'SSLC64d7e89ec5bfc', 12, 'User 2', 'user2@gmail.com', '01725638898', 2, 'Test Package', 2, 10.00, 20.00, 'pending', NULL, NULL, '2023-08-13 02:16:33'),
(12, 'SSLC64d7e957ac84b', 12, 'User 2', 'user2@gmail.com', '01725638898', 2, 'Test Package', 2, 10.00, 20.00, 'pending', NULL, NULL, '2023-08-13 02:19:38'),
(13, 'SSLC64eb8a5a117cb', 4, 'Rashel Nice Brother', 'ransice@gmail.com', '01552607608', 1, 'Silver', 3, 100.00, 300.00, 'pending', NULL, NULL, '2023-08-27 23:39:38'),
(20, 'SSLC64fb86170b404', 3, 'Rashel Nice Brother', 'rejohnbd@gmail.com', '01552607608', 3, 'Business Planning', 1, 690.00, 690.00, 'success', 'ABBANKIB-AB Bank', '{\"tran_id\":\"SSLC64fb86170b404\",\"val_id\":\"230909237560RIKDHpR1PP9jOA\",\"amount\":\"690.00\",\"card_type\":\"ABBANKIB-AB Bank\",\"store_amount\":\"672.75\",\"card_no\":\"\",\"bank_tran_id\":\"23090923756ljEcoRZytMehgss\",\"status\":\"VALID\",\"tran_date\":\"2023-09-09 02:37:41\",\"error\":\"\",\"currency\":\"BDT\",\"card_issuer\":\"AB Bank Limited\",\"card_brand\":\"IB\",\"card_sub_brand\":\"Classic\",\"card_issuer_country\":\"Bangladesh\",\"card_issuer_country_code\":\"BD\",\"store_id\":\"webbd64ca1bf444922\",\"verify_sign\":\"8da8afd683a556aaddef1e8833465d37\",\"verify_key\":\"amount,bank_tran_id,base_fair,card_brand,card_issuer,card_issuer_country,card_issuer_country_code,card_no,card_sub_brand,card_type,currency,currency_amount,currency_rate,currency_type,error,risk_level,risk_title,status,store_amount,store_id,tran_date,tran_id,val_id,value_a,value_b,value_c,value_d\",\"verify_sign_sha2\":\"febc930c3cce097f587985ecf564956da0ae0ce996c22a56df17d5f028ee74cc\",\"currency_type\":\"BDT\",\"currency_amount\":\"690.00\",\"currency_rate\":\"1.0000\",\"base_fair\":\"0.00\",\"value_a\":\"3\",\"value_b\":\"rejohnbd@gmail.com\",\"value_c\":\"01552607608\",\"value_d\":\"3\",\"subscription_id\":\"\",\"risk_level\":\"0\",\"risk_title\":\"Safe\"}', '2023-09-09 02:37:43'),
(21, 'SSLC6501f2695f7e9', 3, 'Rashel Nice Brother', 'rejohnbd@gmail.com', '01552607608', 3, 'Business Planning', 1, 690.00, 690.00, 'success', 'BKASH-BKash', '{\"tran_id\":\"SSLC6501f2695f7e9\",\"val_id\":\"230913233342otUoJbbrzKFzrJs\",\"amount\":\"690.00\",\"card_type\":\"BKASH-BKash\",\"store_amount\":\"672.75\",\"card_no\":\"\",\"bank_tran_id\":\"2309132333421hGY1LtHHYQOolt\",\"status\":\"VALID\",\"tran_date\":\"2023-09-13 23:33:28\",\"error\":\"\",\"currency\":\"BDT\",\"card_issuer\":\"BKash Mobile Banking\",\"card_brand\":\"MOBILEBANKING\",\"card_sub_brand\":\"Classic\",\"card_issuer_country\":\"Bangladesh\",\"card_issuer_country_code\":\"BD\",\"store_id\":\"webbd64ca1bf444922\",\"verify_sign\":\"2abb61869eb857d95166fbb7fa1a37f4\",\"verify_key\":\"amount,bank_tran_id,base_fair,card_brand,card_issuer,card_issuer_country,card_issuer_country_code,card_no,card_sub_brand,card_type,currency,currency_amount,currency_rate,currency_type,error,risk_level,risk_title,status,store_amount,store_id,tran_date,tran_id,val_id,value_a,value_b,value_c,value_d\",\"verify_sign_sha2\":\"b812a4634846695b48a090a73d717d107ca5989fac952c3219f263acf59f6e14\",\"currency_type\":\"BDT\",\"currency_amount\":\"690.00\",\"currency_rate\":\"1.0000\",\"base_fair\":\"0.00\",\"value_a\":\"3\",\"value_b\":\"rejohnbd@gmail.com\",\"value_c\":\"01552607608\",\"value_d\":\"3\",\"subscription_id\":\"\",\"risk_level\":\"0\",\"risk_title\":\"Safe\"}', '2023-09-13 23:33:29');

-- --------------------------------------------------------

--
-- Table structure for table `user`
--

CREATE TABLE `user` (
  `user_id` int(11) NOT NULL,
  `name` longtext COLLATE utf8mb4_unicode_520_ci DEFAULT NULL,
  `email` longtext COLLATE utf8mb4_unicode_520_ci NOT NULL,
  `password` longtext COLLATE utf8mb4_unicode_520_ci NOT NULL,
  `gender` int(2) DEFAULT 1,
  `role` varchar(100) COLLATE utf8mb4_unicode_520_ci DEFAULT NULL,
  `token` mediumtext COLLATE utf8mb4_unicode_520_ci DEFAULT NULL,
  `join_date` datetime DEFAULT NULL,
  `last_login` datetime DEFAULT NULL,
  `deactivate_reason` mediumtext COLLATE utf8mb4_unicode_520_ci DEFAULT NULL,
  `status` int(10) NOT NULL DEFAULT 1,
  `phone` varchar(250) COLLATE utf8mb4_unicode_520_ci DEFAULT NULL,
  `dob` date DEFAULT '0000-00-00',
  `meeting_code` varchar(250) COLLATE utf8mb4_unicode_520_ci NOT NULL,
  `firebase_auth_uid` varchar(250) COLLATE utf8mb4_unicode_520_ci DEFAULT NULL
) ENGINE=InnoDB DEFAULT CHARSET=utf8mb4 COLLATE=utf8mb4_unicode_520_ci;

--
-- Dumping data for table `user`
--

INSERT INTO `user` (`user_id`, `name`, `email`, `password`, `gender`, `role`, `token`, `join_date`, `last_login`, `deactivate_reason`, `status`, `phone`, `dob`, `meeting_code`, `firebase_auth_uid`) VALUES
(1, 'Webbdmeet', 'admin@mail.com', 'e10adc3949ba59abbe56e057f20f883e', 1, 'admin', NULL, NULL, '2023-09-08 14:36:53', NULL, 1, NULL, '0000-00-00', 'first_user_meeting_code', NULL),
(2, 'Ebrahim', 'ebrahim@hotmail.com', 'e10adc3949ba59abbe56e057f20f883e', 1, 'subscriber', NULL, NULL, '2023-07-21 01:56:56', NULL, 1, NULL, '0000-00-00', 'MTwJlk4O8kDp', NULL),
(3, 'Rashel Nice Brother', 'rejohnbd@gmail.com', 'e10adc3949ba59abbe56e057f20f883e', 1, 'subscriber', NULL, '2023-07-27 01:35:57', '2023-09-08 22:57:44', NULL, 1, NULL, '0000-00-00', 'MT6gkgfYh8ko', NULL),
(4, 'Akash', 'riheren870@sportrid.com', 'db8cc7c7db9ca3de24802d542ac838e6', 1, 'admin', NULL, NULL, '2023-07-27 07:44:38', NULL, 1, NULL, '0000-00-00', '', NULL),
(6, 'User', 'user@gmail.com', 'e10adc3949ba59abbe56e057f20f883e', 1, 'subscriber', NULL, '2023-07-27 15:54:35', '2023-08-14 15:47:18', NULL, 1, '01755936313', '0000-00-00', 'MTDYap7hSDFt', NULL),
(7, 'ebrahim', 'ebrahim@gmail.com', 'e10adc3949ba59abbe56e057f20f883e', 1, 'subscriber', NULL, '2023-07-30 01:14:42', '2023-07-30 02:51:23', NULL, 1, NULL, '0000-00-00', 'MT9QHAvtHPkf', NULL),
(8, 'User10', 'user10@gmail.com', 'e10adc3949ba59abbe56e057f20f883e', 1, 'subscriber', NULL, '2023-07-31 12:54:11', '2023-07-31 12:54:11', NULL, 1, NULL, '0000-00-00', 'MTxNAnqgrFAL', NULL),
(9, 'Akash', 'akashhusain48@gmail.com', 'db8cc7c7db9ca3de24802d542ac838e6', 1, 'subscriber', NULL, '2023-07-31 15:22:25', '2023-07-31 15:22:25', NULL, 1, NULL, '0000-00-00', 'MTl28XhyoVwL', NULL),
(10, 'Akash', 'codecarebd@gmail.com', 'db8cc7c7db9ca3de24802d542ac838e6', 1, NULL, NULL, NULL, '2023-08-06 01:07:18', NULL, 1, NULL, '0000-00-00', '', NULL),
(11, 'Mr Robiul', 'emonrob4@gmail.com', 'e10adc3949ba59abbe56e057f20f883e', 1, NULL, NULL, NULL, '2023-08-14 00:08:50', NULL, 1, NULL, '0000-00-00', '', NULL),
(12, 'User 2', 'user2@gmail.com', 'e10adc3949ba59abbe56e057f20f883e', 1, 'subscriber', NULL, '2023-08-13 00:52:05', '2023-08-14 15:41:53', NULL, 1, NULL, '0000-00-00', 'MTqmZTxGQPru', NULL);

--
-- Indexes for dumped tables
--

--
-- Indexes for table `ci_sessions`
--
ALTER TABLE `ci_sessions`
  ADD KEY `ci_sessions_timestamp` (`timestamp`);

--
-- Indexes for table `config`
--
ALTER TABLE `config`
  ADD PRIMARY KEY (`config_id`);

--
-- Indexes for table `cron`
--
ALTER TABLE `cron`
  ADD PRIMARY KEY (`cron_id`);

--
-- Indexes for table `ipn`
--
ALTER TABLE `ipn`
  ADD PRIMARY KEY (`id`);

--
-- Indexes for table `keys`
--
ALTER TABLE `keys`
  ADD PRIMARY KEY (`id`);

--
-- Indexes for table `meeting`
--
ALTER TABLE `meeting`
  ADD PRIMARY KEY (`meeting_id`);

--
-- Indexes for table `meeting_history`
--
ALTER TABLE `meeting_history`
  ADD PRIMARY KEY (`meeting_history_id`);

--
-- Indexes for table `package`
--
ALTER TABLE `package`
  ADD PRIMARY KEY (`package_id`);

--
-- Indexes for table `rest_logins`
--
ALTER TABLE `rest_logins`
  ADD PRIMARY KEY (`id`);

--
-- Indexes for table `subscription`
--
ALTER TABLE `subscription`
  ADD PRIMARY KEY (`id`);

--
-- Indexes for table `transaction`
--
ALTER TABLE `transaction`
  ADD PRIMARY KEY (`id`);

--
-- Indexes for table `user`
--
ALTER TABLE `user`
  ADD PRIMARY KEY (`user_id`);

--
-- AUTO_INCREMENT for dumped tables
--

--
-- AUTO_INCREMENT for table `config`
--
ALTER TABLE `config`
  MODIFY `config_id` int(11) NOT NULL AUTO_INCREMENT, AUTO_INCREMENT=91;

--
-- AUTO_INCREMENT for table `cron`
--
ALTER TABLE `cron`
  MODIFY `cron_id` int(11) NOT NULL AUTO_INCREMENT;

--
-- AUTO_INCREMENT for table `ipn`
--
ALTER TABLE `ipn`
  MODIFY `id` int(11) NOT NULL AUTO_INCREMENT;

--
-- AUTO_INCREMENT for table `keys`
--
ALTER TABLE `keys`
  MODIFY `id` int(11) NOT NULL AUTO_INCREMENT, AUTO_INCREMENT=2;

--
-- AUTO_INCREMENT for table `meeting`
--
ALTER TABLE `meeting`
  MODIFY `meeting_id` int(11) NOT NULL AUTO_INCREMENT, AUTO_INCREMENT=81;

--
-- AUTO_INCREMENT for table `meeting_history`
--
ALTER TABLE `meeting_history`
  MODIFY `meeting_history_id` int(11) NOT NULL AUTO_INCREMENT, AUTO_INCREMENT=142;

--
-- AUTO_INCREMENT for table `package`
--
ALTER TABLE `package`
  MODIFY `package_id` int(11) NOT NULL AUTO_INCREMENT, AUTO_INCREMENT=4;

--
-- AUTO_INCREMENT for table `rest_logins`
--
ALTER TABLE `rest_logins`
  MODIFY `id` int(11) NOT NULL AUTO_INCREMENT, AUTO_INCREMENT=2;

--
-- AUTO_INCREMENT for table `subscription`
--
ALTER TABLE `subscription`
  MODIFY `id` int(11) NOT NULL AUTO_INCREMENT, AUTO_INCREMENT=10;

--
-- AUTO_INCREMENT for table `transaction`
--
ALTER TABLE `transaction`
  MODIFY `id` int(11) NOT NULL AUTO_INCREMENT, AUTO_INCREMENT=22;

--
-- AUTO_INCREMENT for table `user`
--
ALTER TABLE `user`
  MODIFY `user_id` int(11) NOT NULL AUTO_INCREMENT, AUTO_INCREMENT=13;
COMMIT;

/*!40101 SET CHARACTER_SET_CLIENT=@OLD_CHARACTER_SET_CLIENT */;
/*!40101 SET CHARACTER_SET_RESULTS=@OLD_CHARACTER_SET_RESULTS */;
/*!40101 SET COLLATION_CONNECTION=@OLD_COLLATION_CONNECTION */;
